Source,Target,Weight,Type
ÏôÑ×,Ò©ÀÏ,1841,undirected
ÏôÑ×,Ş¹¶ù,1641,undirected
ÏôÑ×,Ğ¡Ò½ÏÉ,1198,undirected
ÏôÑ×,²ÊÁÛ,268,undirected
ÏôÑ×,º£²¨¶«,638,undirected
ÏôÑ×,ËÕÇ§,444,undirected
ÏôÑ×,º«·ã,413,undirected
ÏôÑ×,ÄÉÀ¼æÌÈ»,388,undirected
ÏôÑ×,ÔÆÉ½,365,undirected
ÏôÑ×,ÏôÀ÷,384,undirected
ÏôÑ×,ÑÅåú,266,undirected
ÏôÑ×,ÔÆÔÏ,281,undirected
ÏôÑ×,¹ÅºÓ,213,undirected
ÏôÑ×,ÁøÇæ,279,undirected
ÏôÑ×,Îâê»,231,undirected
ÏôÑ×,·¨áï,221,undirected
ÏôÑ×,¹ÅÔª,136,undirected
ÏôÑ×,ÇàÁÛ,263,undirected
ÏôÑ×,ÏôÓñ,246,undirected
ÏôÑ×,Ïô¶¦,209,undirected
ÏôÑ×,ÁÖìÍ,274,undirected
ÏôÑ×,ÕªĞÇÀÏ¹í,197,undirected
ÏôÑ×,ÁÖĞŞÑÂ,219,undirected
ÏôÑ×,ÏôÕ½,140,undirected
ÏôÑ×,²ÜÓ±,204,undirected
ÏôÑ×,°×³Ì,196,undirected
ÏôÑ×,»êµîµîÖ÷,126,undirected
ÏôÑ×,ÌÆÕğ,164,undirected
ÏôÑ×,ÑıêÔ,141,undirected
ÏôÑ×,çú¼Î,158,undirected
ÏôÑ×,Ä½¹Ç,122,undirected
ÏôÑ×,Ğş¿Õ×Ó,111,undirected
ÏôÑ×,Ò©³¾,75,undirected
ÏôÑ×,ÄÉÀ¼èî,129,undirected
ÏôÑ×,ôáÈª,144,undirected
ÏôÑ×,ÈôÁÕ,134,undirected
ÏôÑ×,·ïÇå¶ù,133,undirected
ÏôÑ×,Áøôá,123,undirected
ÏôÑ×,¼ÓĞÌÌì,116,undirected
ÏôÑ×,º«Ñ©,102,undirected
ÏôÑ×,ÂŞ²¼,106,undirected
ÏôÑ×,ÍÓÉá¹ÅµÛ,102,undirected
ÏôÑ×,µØÄ§ÀÏ¹í,101,undirected
ÏôÑ×,º«ÔÂ,108,undirected
ÏôÑ×,ÄÂÉß,89,undirected
ÏôÑ×,Ò¦Ê¢,119,undirected
ÏôÑ×,·ÑÌì,102,undirected
ÏôÑ×,ÉòÔÆ,91,undirected
ÏôÑ×,À××ğÕß,76,undirected
ÏôÑ×,ÏôÄş,85,undirected
ÏôÑ×,ºÚÇæ,79,undirected
ÏôÑ×,¹ÅÇàÑô,83,undirected
ÏôÑ×,Ìú»¤·¨,61,undirected
ÏôÑ×,»êÓñ,87,undirected
ÏôÑ×,Ä«³Ğ,31,undirected
ÏôÑ×,çúÇ¬,67,undirected
ÏôÑ×,Ïô³¿,50,undirected
ÏôÑ×,¹ÅÑı,87,undirected
ÏôÑ×,ºé³½,77,undirected
ÏôÑ×,½ğÊ¯,72,undirected
ÏôÑ×,º«ÏĞ,85,undirected
ÏôÑ×,±±ÁúÍõ,79,undirected
ÏôÑ×,É³Ìú,75,undirected
ÏôÑ×,·¶Áè,45,undirected
ÏôÑ×,Ğ«É½,66,undirected
ÏôÑ×,ÁèÓ°,61,undirected
ÏôÑ×,Ä½Çàğ½,65,undirected
ÏôÑ×,ÄÂÁ¦,53,undirected
ÏôÑ×,Íõ³¾,66,undirected
ÏôÑ×,ÏôÃÄ,67,undirected
ÏôÑ×,²Üµ¥,61,undirected
ÏôÑ×,Ñ×Àû,47,undirected
ÏôÑ×,Áø·Æ,64,undirected
ÏôÑ×,Ğ«±ÏÑÒ,27,undirected
ÏôÑ×,Ã×ÌØ¶û¡¤ÌÚÉ½,27,undirected
ÏôÑ×,Ä¾Ìú,47,undirected
ÏôÑ×,Ñı»¨Ğ°¾ı,57,undirected
ÏôÑ×,º«³å,49,undirected
ÏôÑ×,½ğÒø¶şÀÏ,49,undirected
ÏôÑ×,»ê·ç,52,undirected
ÏôÑ×,ÄªÑÂ,44,undirected
ÏôÑ×,Ò©Íò¹é,53,undirected
ÏôÑ×,ÑãÂäÌì,55,undirected
ÏôÑ×,º«³Ø,49,undirected
ÏôÑ×,¸¶°½,40,undirected
ÏôÑ×,ÂŞºî,35,undirected
ÏôÑ×,¾»Á«ÑıÊ¥,32,undirected
ÏôÑ×,ËÕĞ¦,42,undirected
ÏôÑ×,À×ÄÉ,46,undirected
ÏôÑ×,Çàº£,31,undirected
ÏôÑ×,ÌÆ»ğ¶ù,38,undirected
ÏôÑ×,µ¤ËşÀÏ×æ,21,undirected
ÏôÑ×,½£×ğÕß,16,undirected
ÏôÑ×,ÃÉÁ¦,32,undirected
ÏôÑ×,¾Å·ï,35,undirected
ÏôÑ×,Ä½À¼ÈıÀÏ,39,undirected
ÏôÑ×,òÚÑÂ,31,undirected
ÏôÑ×,Ğ»Õğ,16,undirected
ÏôÑ×,ÑÏğ©,22,undirected
ÏôÑ×,ÚøÌì³ß,29,undirected
ÏôÑ×,»ËĞù,21,undirected
ÏôÑ×,²ÔÀÇÍõ,29,undirected
ÏôÑ×,µ¤Ğù,20,undirected
ÏôÑ×,ÔÆ·«,11,undirected
ÏôÑ×,»ÆÈª×ğÕß,17,undirected
ÏôÑ×,»ğÔÆÀÏ×æ,15,undirected
ÏôÑ×,»¨½õ,13,undirected
ÏôÑ×,µ¤³¿,15,undirected
ÏôÑ×,Àâ°×,18,undirected
ÏôÑ×,ÓÄÈª,25,undirected
ÏôÑ×,ÂŞ³É,18,undirected
ÏôÑ×,Ìú½£×ğÕß,10,undirected
ÏôÑ×,°×Ó¥,21,undirected
ÏôÑ×,²ÜĞİ,14,undirected
ÏôÑ×,ĞŞÑÒ,11,undirected
ÏôÑ×,Ò©ĞÇ¼«,17,undirected
ÏôÑ×,»ğÖÉ,14,undirected
ÏôÑ×,»¨ÆÅÆÅ,10,undirected
ÏôÑ×,ËÕÃÄ,11,undirected
ÏôÑ×,À¾ÑÔ,2,undirected
ÏôÑ×,Ç®Ä°,4,undirected
ÏôÑ×,ÌúÎÚ,5,undirected
ÏôÑ×,¹ÅÁé,8,undirected
ÏôÑ×,ÃÉÀ®,7,undirected
ÏôÑ×,Çñ»ú,6,undirected
ÏôÑ×,ÑıÉßÏÄÃ§,3,undirected
ÏôÑ×,×Ïåû,4,undirected
ÏôÑ×,Ôì»¯Ê¥Õß,2,undirected
ÏôÑ×,Ä½É£,2,undirected
ÏôÑ×,ê×Ìì»ğ,1,undirected
ÏôÑ×,Ò¶ĞÀÀ¶,1,undirected
ÏôÑ×,ÃÀ¶ÅÉ¯,747,undirected
ÏôÑ×,Ñ¬¶ù,24,undirected
Ò©ÀÏ,ÏôÑ×,1841,undirected
Ò©ÀÏ,Ş¹¶ù,47,undirected
Ò©ÀÏ,Ğ¡Ò½ÏÉ,50,undirected
Ò©ÀÏ,²ÊÁÛ,46,undirected
Ò©ÀÏ,º£²¨¶«,25,undirected
Ò©ÀÏ,ËÕÇ§,7,undirected
Ò©ÀÏ,º«·ã,37,undirected
Ò©ÀÏ,ÄÉÀ¼æÌÈ»,10,undirected
Ò©ÀÏ,ÔÆÉ½,44,undirected
Ò©ÀÏ,ÏôÀ÷,8,undirected
Ò©ÀÏ,ÑÅåú,11,undirected
Ò©ÀÏ,ÔÆÔÏ,9,undirected
Ò©ÀÏ,¹ÅºÓ,11,undirected
Ò©ÀÏ,ÁøÇæ,1,undirected
Ò©ÀÏ,Îâê»,2,undirected
Ò©ÀÏ,·¨áï,11,undirected
Ò©ÀÏ,ÇàÁÛ,14,undirected
Ò©ÀÏ,ÏôÓñ,2,undirected
Ò©ÀÏ,Ïô¶¦,1,undirected
Ò©ÀÏ,ÕªĞÇÀÏ¹í,6,undirected
Ò©ÀÏ,ÁÖĞŞÑÂ,4,undirected
Ò©ÀÏ,ÏôÕ½,4,undirected
Ò©ÀÏ,²ÜÓ±,1,undirected
Ò©ÀÏ,»êµîµîÖ÷,8,undirected
Ò©ÀÏ,ÌÆÕğ,1,undirected
Ò©ÀÏ,ÑıêÔ,1,undirected
Ò©ÀÏ,Ä½¹Ç,2,undirected
Ò©ÀÏ,Ğş¿Õ×Ó,17,undirected
Ò©ÀÏ,Ò©³¾,30,undirected
Ò©ÀÏ,ÄÉÀ¼èî,3,undirected
Ò©ÀÏ,ÈôÁÕ,1,undirected
Ò©ÀÏ,·ïÇå¶ù,3,undirected
Ò©ÀÏ,Áøôá,2,undirected
Ò©ÀÏ,¼ÓĞÌÌì,6,undirected
Ò©ÀÏ,ÍÓÉá¹ÅµÛ,10,undirected
Ò©ÀÏ,µØÄ§ÀÏ¹í,1,undirected
Ò©ÀÏ,º«ÔÂ,1,undirected
Ò©ÀÏ,ÄÂÉß,1,undirected
Ò©ÀÏ,À××ğÕß,2,undirected
Ò©ÀÏ,ÏôÄş,1,undirected
Ò©ÀÏ,ºÚÇæ,1,undirected
Ò©ÀÏ,¹ÅÇàÑô,2,undirected
Ò©ÀÏ,Ìú»¤·¨,1,undirected
Ò©ÀÏ,Ïô³¿,6,undirected
Ò©ÀÏ,·¶Áè,7,undirected
Ò©ÀÏ,ÁèÓ°,1,undirected
Ò©ÀÏ,Ä½Çàğ½,3,undirected
Ò©ÀÏ,ÏôÃÄ,1,undirected
Ò©ÀÏ,²Üµ¥,1,undirected
Ò©ÀÏ,Ñ×Àû,1,undirected
Ò©ÀÏ,Ğ«±ÏÑÒ,1,undirected
Ò©ÀÏ,Ñı»¨Ğ°¾ı,2,undirected
Ò©ÀÏ,Ò©Íò¹é,14,undirected
Ò©ÀÏ,¾»Á«ÑıÊ¥,8,undirected
Ò©ÀÏ,ÌÆ»ğ¶ù,1,undirected
Ò©ÀÏ,µ¤ËşÀÏ×æ,3,undirected
Ò©ÀÏ,½£×ğÕß,1,undirected
Ò©ÀÏ,ÃÉÁ¦,1,undirected
Ò©ÀÏ,»ğÔÆÀÏ×æ,13,undirected
Ò©ÀÏ,ÓÄÈª,5,undirected
Ò©ÀÏ,Ìú½£×ğÕß,1,undirected
Ò©ÀÏ,Ò©ĞÇ¼«,1,undirected
Ò©ÀÏ,»¨ÆÅÆÅ,1,undirected
Ò©ÀÏ,¹ÅÁé,3,undirected
Ò©ÀÏ,ÃÀ¶ÅÉ¯,80,undirected
Ò©ÀÏ,Ñ¬¶ù,1,undirected
Ş¹¶ù,ÏôÑ×,1641,undirected
Ş¹¶ù,Ò©ÀÏ,47,undirected
Ş¹¶ù,Ğ¡Ò½ÏÉ,37,undirected
Ş¹¶ù,²ÊÁÛ,36,undirected
Ş¹¶ù,º£²¨¶«,1,undirected
Ş¹¶ù,ËÕÇ§,8,undirected
Ş¹¶ù,ÄÉÀ¼æÌÈ»,12,undirected
Ş¹¶ù,ÔÆÉ½,5,undirected
Ş¹¶ù,ÏôÀ÷,9,undirected
Ş¹¶ù,ÑÅåú,2,undirected
Ş¹¶ù,ÔÆÔÏ,5,undirected
Ş¹¶ù,ÁøÇæ,23,undirected
Ş¹¶ù,Îâê»,86,undirected
Ş¹¶ù,¹ÅÔª,30,undirected
Ş¹¶ù,ÇàÁÛ,1,undirected
Ş¹¶ù,ÏôÓñ,59,undirected
Ş¹¶ù,Ïô¶¦,1,undirected
Ş¹¶ù,ÁÖìÍ,17,undirected
Ş¹¶ù,ÁÖĞŞÑÂ,23,undirected
Ş¹¶ù,ÏôÕ½,21,undirected
Ş¹¶ù,°×³Ì,18,undirected
Ş¹¶ù,»êµîµîÖ÷,7,undirected
Ş¹¶ù,çú¼Î,105,undirected
Ş¹¶ù,Ò©³¾,9,undirected
Ş¹¶ù,ôáÈª,40,undirected
Ş¹¶ù,ÈôÁÕ,62,undirected
Ş¹¶ù,ÂŞ²¼,7,undirected
Ş¹¶ù,ÍÓÉá¹ÅµÛ,21,undirected
Ş¹¶ù,º«ÔÂ,2,undirected
Ş¹¶ù,Ò¦Ê¢,5,undirected
Ş¹¶ù,ÏôÄş,36,undirected
Ş¹¶ù,¹ÅÇàÑô,48,undirected
Ş¹¶ù,Ìú»¤·¨,1,undirected
Ş¹¶ù,»êÓñ,17,undirected
Ş¹¶ù,çúÇ¬,10,undirected
Ş¹¶ù,Ïô³¿,2,undirected
Ş¹¶ù,¹ÅÑı,16,undirected
Ş¹¶ù,º«ÏĞ,4,undirected
Ş¹¶ù,É³Ìú,8,undirected
Ş¹¶ù,ÁèÓ°,34,undirected
Ş¹¶ù,ÏôÃÄ,17,undirected
Ş¹¶ù,Áø·Æ,14,undirected
Ş¹¶ù,»ê·ç,2,undirected
Ş¹¶ù,Ò©Íò¹é,5,undirected
Ş¹¶ù,¸¶°½,12,undirected
Ş¹¶ù,ÂŞºî,9,undirected
Ş¹¶ù,¾»Á«ÑıÊ¥,10,undirected
Ş¹¶ù,ËÕĞ¦,6,undirected
Ş¹¶ù,Çàº£,6,undirected
Ş¹¶ù,µ¤ËşÀÏ×æ,1,undirected
Ş¹¶ù,¾Å·ï,7,undirected
Ş¹¶ù,ÑÏğ©,1,undirected
Ş¹¶ù,ÚøÌì³ß,5,undirected
Ş¹¶ù,Àâ°×,1,undirected
Ş¹¶ù,ĞŞÑÒ,2,undirected
Ş¹¶ù,Ò©ĞÇ¼«,2,undirected
Ş¹¶ù,»ğÖÉ,1,undirected
Ş¹¶ù,ÃÀ¶ÅÉ¯,4,undirected
Ş¹¶ù,Ñ¬¶ù,1,undirected
Ğ¡Ò½ÏÉ,ÏôÑ×,1198,undirected
Ğ¡Ò½ÏÉ,Ò©ÀÏ,50,undirected
Ğ¡Ò½ÏÉ,Ş¹¶ù,37,undirected
Ğ¡Ò½ÏÉ,²ÊÁÛ,60,undirected
Ğ¡Ò½ÏÉ,º£²¨¶«,1,undirected
Ğ¡Ò½ÏÉ,ËÕÇ§,69,undirected
Ğ¡Ò½ÏÉ,º«·ã,41,undirected
Ğ¡Ò½ÏÉ,ÔÆÉ½,1,undirected
Ğ¡Ò½ÏÉ,ÏôÀ÷,17,undirected
Ğ¡Ò½ÏÉ,ÔÆÔÏ,8,undirected
Ğ¡Ò½ÏÉ,ÁøÇæ,7,undirected
Ğ¡Ò½ÏÉ,Îâê»,1,undirected
Ğ¡Ò½ÏÉ,·¨áï,1,undirected
Ğ¡Ò½ÏÉ,ÇàÁÛ,41,undirected
Ğ¡Ò½ÏÉ,ÏôÓñ,1,undirected
Ğ¡Ò½ÏÉ,Ïô¶¦,1,undirected
Ğ¡Ò½ÏÉ,ÁÖìÍ,2,undirected
Ğ¡Ò½ÏÉ,ÕªĞÇÀÏ¹í,11,undirected
Ğ¡Ò½ÏÉ,²ÜÓ±,9,undirected
Ğ¡Ò½ÏÉ,»êµîµîÖ÷,1,undirected
Ğ¡Ò½ÏÉ,ÌÆÕğ,1,undirected
Ğ¡Ò½ÏÉ,ÑıêÔ,2,undirected
Ğ¡Ò½ÏÉ,Ä½¹Ç,3,undirected
Ğ¡Ò½ÏÉ,Ğş¿Õ×Ó,3,undirected
Ğ¡Ò½ÏÉ,Ò©³¾,2,undirected
Ğ¡Ò½ÏÉ,ÄÉÀ¼èî,1,undirected
Ğ¡Ò½ÏÉ,ôáÈª,5,undirected
Ğ¡Ò½ÏÉ,·ïÇå¶ù,1,undirected
Ğ¡Ò½ÏÉ,ÍÓÉá¹ÅµÛ,1,undirected
Ğ¡Ò½ÏÉ,µØÄ§ÀÏ¹í,41,undirected
Ğ¡Ò½ÏÉ,ÄÂÉß,13,undirected
Ğ¡Ò½ÏÉ,·ÑÌì,3,undirected
Ğ¡Ò½ÏÉ,À××ğÕß,2,undirected
Ğ¡Ò½ÏÉ,¹ÅÇàÑô,1,undirected
Ğ¡Ò½ÏÉ,Ìú»¤·¨,5,undirected
Ğ¡Ò½ÏÉ,çúÇ¬,1,undirected
Ğ¡Ò½ÏÉ,Ïô³¿,3,undirected
Ğ¡Ò½ÏÉ,¹ÅÑı,2,undirected
Ğ¡Ò½ÏÉ,Ğ«É½,16,undirected
Ğ¡Ò½ÏÉ,Ä½Çàğ½,1,undirected
Ğ¡Ò½ÏÉ,ÄÂÁ¦,29,undirected
Ğ¡Ò½ÏÉ,²Üµ¥,2,undirected
Ğ¡Ò½ÏÉ,Ğ«±ÏÑÒ,51,undirected
Ğ¡Ò½ÏÉ,º«³å,1,undirected
Ğ¡Ò½ÏÉ,»ê·ç,1,undirected
Ğ¡Ò½ÏÉ,ÄªÑÂ,16,undirected
Ğ¡Ò½ÏÉ,ÑãÂäÌì,5,undirected
Ğ¡Ò½ÏÉ,Çàº£,13,undirected
Ğ¡Ò½ÏÉ,µ¤ËşÀÏ×æ,1,undirected
Ğ¡Ò½ÏÉ,½£×ğÕß,2,undirected
Ğ¡Ò½ÏÉ,¾Å·ï,1,undirected
Ğ¡Ò½ÏÉ,Ä½À¼ÈıÀÏ,6,undirected
Ğ¡Ò½ÏÉ,òÚÑÂ,11,undirected
Ğ¡Ò½ÏÉ,ÚøÌì³ß,2,undirected
Ğ¡Ò½ÏÉ,»ËĞù,1,undirected
Ğ¡Ò½ÏÉ,ÂŞ³É,7,undirected
Ğ¡Ò½ÏÉ,Ìú½£×ğÕß,2,undirected
Ğ¡Ò½ÏÉ,ËÕÃÄ,1,undirected
Ğ¡Ò½ÏÉ,Ò¶ĞÀÀ¶,1,undirected
Ğ¡Ò½ÏÉ,ÃÀ¶ÅÉ¯,61,undirected
²ÊÁÛ,ÏôÑ×,268,undirected
²ÊÁÛ,Ò©ÀÏ,46,undirected
²ÊÁÛ,Ş¹¶ù,36,undirected
²ÊÁÛ,Ğ¡Ò½ÏÉ,60,undirected
²ÊÁÛ,º£²¨¶«,2,undirected
²ÊÁÛ,ÔÆÉ½,1,undirected
²ÊÁÛ,ÏôÀ÷,5,undirected
²ÊÁÛ,ÑÅåú,2,undirected
²ÊÁÛ,ÔÆÔÏ,13,undirected
²ÊÁÛ,¹ÅºÓ,8,undirected
²ÊÁÛ,¹ÅÔª,2,undirected
²ÊÁÛ,ÇàÁÛ,17,undirected
²ÊÁÛ,Ïô¶¦,7,undirected
²ÊÁÛ,ÏôÕ½,5,undirected
²ÊÁÛ,ÑıêÔ,13,undirected
²ÊÁÛ,¹ÅÇàÑô,3,undirected
²ÊÁÛ,Ïô³¿,3,undirected
²ÊÁÛ,±±ÁúÍõ,4,undirected
²ÊÁÛ,ÌÆ»ğ¶ù,1,undirected
²ÊÁÛ,µ¤ËşÀÏ×æ,2,undirected
²ÊÁÛ,¾Å·ï,1,undirected
²ÊÁÛ,ÃÀ¶ÅÉ¯,26,undirected
º£²¨¶«,ÏôÑ×,638,undirected
º£²¨¶«,Ò©ÀÏ,25,undirected
º£²¨¶«,Ş¹¶ù,1,undirected
º£²¨¶«,Ğ¡Ò½ÏÉ,1,undirected
º£²¨¶«,²ÊÁÛ,2,undirected
º£²¨¶«,ËÕÇ§,1,undirected
º£²¨¶«,ÄÉÀ¼æÌÈ»,11,undirected
º£²¨¶«,ÔÆÉ½,64,undirected
º£²¨¶«,ÏôÀ÷,8,undirected
º£²¨¶«,ÑÅåú,44,undirected
º£²¨¶«,ÔÆÔÏ,17,undirected
º£²¨¶«,¹ÅºÓ,22,undirected
º£²¨¶«,·¨áï,67,undirected
º£²¨¶«,ÇàÁÛ,7,undirected
º£²¨¶«,Ïô¶¦,31,undirected
º£²¨¶«,ÁÖìÍ,4,undirected
º£²¨¶«,Ò©³¾,1,undirected
º£²¨¶«,ÄÉÀ¼èî,14,undirected
º£²¨¶«,Áøôá,2,undirected
º£²¨¶«,¼ÓĞÌÌì,37,undirected
º£²¨¶«,ÂŞ²¼,3,undirected
º£²¨¶«,Ä«³Ğ,5,undirected
º£²¨¶«,ÁèÓ°,15,undirected
º£²¨¶«,Ñ×Àû,5,undirected
º£²¨¶«,Ğ«±ÏÑÒ,1,undirected
º£²¨¶«,Ã×ÌØ¶û¡¤ÌÚÉ½,29,undirected
º£²¨¶«,ÑãÂäÌì,2,undirected
º£²¨¶«,Ä½À¼ÈıÀÏ,2,undirected
º£²¨¶«,ÃÀ¶ÅÉ¯,53,undirected
ËÕÇ§,ÏôÑ×,444,undirected
ËÕÇ§,Ò©ÀÏ,7,undirected
ËÕÇ§,Ş¹¶ù,8,undirected
ËÕÇ§,Ğ¡Ò½ÏÉ,69,undirected
ËÕÇ§,º£²¨¶«,1,undirected
ËÕÇ§,º«·ã,108,undirected
ËÕÇ§,ÔÆÉ½,2,undirected
ËÕÇ§,ÏôÀ÷,32,undirected
ËÕÇ§,ÁøÇæ,17,undirected
ËÕÇ§,Îâê»,6,undirected
ËÕÇ§,ÏôÓñ,1,undirected
ËÕÇ§,ÁÖìÍ,2,undirected
ËÕÇ§,ÁÖĞŞÑÂ,14,undirected
ËÕÇ§,°×³Ì,2,undirected
ËÕÇ§,çú¼Î,2,undirected
ËÕÇ§,ôáÈª,7,undirected
ËÕÇ§,º«Ñ©,1,undirected
ËÕÇ§,µØÄ§ÀÏ¹í,35,undirected
ËÕÇ§,º«ÔÂ,1,undirected
ËÕÇ§,ÉòÔÆ,1,undirected
ËÕÇ§,çúÇ¬,10,undirected
ËÕÇ§,½ğÒø¶şÀÏ,30,undirected
ËÕÇ§,ÄªÑÂ,1,undirected
ËÕÇ§,ÚøÌì³ß,13,undirected
ËÕÇ§,ËÕÃÄ,1,undirected
ËÕÇ§,Ç®Ä°,2,undirected
ËÕÇ§,ÇØÕò,2,undirected
ËÕÇ§,ÃÀ¶ÅÉ¯,18,undirected
º«·ã,ÏôÑ×,413,undirected
º«·ã,Ò©ÀÏ,37,undirected
º«·ã,Ğ¡Ò½ÏÉ,41,undirected
º«·ã,ËÕÇ§,108,undirected
º«·ã,ÔÆÉ½,1,undirected
º«·ã,ÏôÀ÷,18,undirected
º«·ã,¹ÅºÓ,1,undirected
º«·ã,Îâê»,2,undirected
º«·ã,ÁÖìÍ,1,undirected
º«·ã,ÁÖĞŞÑÂ,1,undirected
º«·ã,Ä½¹Ç,3,undirected
º«·ã,Ò©³¾,15,undirected
º«·ã,µØÄ§ÀÏ¹í,13,undirected
º«·ã,çúÇ¬,14,undirected
º«·ã,º«³å,1,undirected
º«·ã,½ğÒø¶şÀÏ,31,undirected
º«·ã,ÄªÑÂ,5,undirected
º«·ã,Ğ»Õğ,2,undirected
º«·ã,ÚøÌì³ß,1,undirected
º«·ã,ËÕÃÄ,1,undirected
º«·ã,ÃÀ¶ÅÉ¯,5,undirected
ÄÉÀ¼æÌÈ»,ÏôÑ×,388,undirected
ÄÉÀ¼æÌÈ»,Ò©ÀÏ,10,undirected
ÄÉÀ¼æÌÈ»,Ş¹¶ù,12,undirected
ÄÉÀ¼æÌÈ»,º£²¨¶«,11,undirected
ÄÉÀ¼æÌÈ»,ÔÆÉ½,10,undirected
ÄÉÀ¼æÌÈ»,ÏôÀ÷,4,undirected
ÄÉÀ¼æÌÈ»,ÑÅåú,26,undirected
ÄÉÀ¼æÌÈ»,ÔÆÔÏ,68,undirected
ÄÉÀ¼æÌÈ»,¹ÅºÓ,19,undirected
ÄÉÀ¼æÌÈ»,·¨áï,5,undirected
ÄÉÀ¼æÌÈ»,¹ÅÔª,1,undirected
ÄÉÀ¼æÌÈ»,ÇàÁÛ,7,undirected
ÄÉÀ¼æÌÈ»,ÏôÓñ,2,undirected
ÄÉÀ¼æÌÈ»,Ïô¶¦,3,undirected
ÄÉÀ¼æÌÈ»,ÏôÕ½,15,undirected
ÄÉÀ¼æÌÈ»,ÄÉÀ¼èî,49,undirected
ÄÉÀ¼æÌÈ»,ÈôÁÕ,1,undirected
ÄÉÀ¼æÌÈ»,·ïÇå¶ù,5,undirected
ÄÉÀ¼æÌÈ»,Áøôá,19,undirected
ÄÉÀ¼æÌÈ»,¼ÓĞÌÌì,5,undirected
ÄÉÀ¼æÌÈ»,Ä«³Ğ,15,undirected
ÄÉÀ¼æÌÈ»,½ğÊ¯,3,undirected
ÄÉÀ¼æÌÈ»,ÁèÓ°,3,undirected
ÄÉÀ¼æÌÈ»,Ä½Çàğ½,2,undirected
ÄÉÀ¼æÌÈ»,Íõ³¾,4,undirected
ÄÉÀ¼æÌÈ»,ÏôÃÄ,1,undirected
ÄÉÀ¼æÌÈ»,Ã×ÌØ¶û¡¤ÌÚÉ½,2,undirected
ÄÉÀ¼æÌÈ»,Ñı»¨Ğ°¾ı,2,undirected
ÄÉÀ¼æÌÈ»,ËÕĞ¦,1,undirected
ÄÉÀ¼æÌÈ»,»¨ÆÅÆÅ,5,undirected
ÄÉÀ¼æÌÈ»,ÃÀ¶ÅÉ¯,3,undirected
ÄÉÀ¼æÌÈ»,Ñ¬¶ù,3,undirected
ÔÆÉ½,ÏôÑ×,365,undirected
ÔÆÉ½,Ò©ÀÏ,44,undirected
ÔÆÉ½,Ş¹¶ù,5,undirected
ÔÆÉ½,Ğ¡Ò½ÏÉ,1,undirected
ÔÆÉ½,²ÊÁÛ,1,undirected
ÔÆÉ½,º£²¨¶«,64,undirected
ÔÆÉ½,ËÕÇ§,2,undirected
ÔÆÉ½,º«·ã,1,undirected
ÔÆÉ½,ÄÉÀ¼æÌÈ»,10,undirected
ÔÆÉ½,ÏôÀ÷,5,undirected
ÔÆÉ½,ÑÅåú,1,undirected
ÔÆÉ½,ÔÆÔÏ,67,undirected
ÔÆÉ½,¹ÅºÓ,43,undirected
ÔÆÉ½,·¨áï,10,undirected
ÔÆÉ½,Ïô¶¦,3,undirected
ÔÆÉ½,ÁÖìÍ,1,undirected
ÔÆÉ½,ÏôÕ½,1,undirected
ÔÆÉ½,Ò©³¾,4,undirected
ÔÆÉ½,ÄÉÀ¼èî,2,undirected
ÔÆÉ½,¼ÓĞÌÌì,23,undirected
ÔÆÉ½,µØÄ§ÀÏ¹í,5,undirected
ÔÆÉ½,Ìú»¤·¨,3,undirected
ÔÆÉ½,Ä«³Ğ,2,undirected
ÔÆÉ½,ÁèÓ°,11,undirected
ÔÆÉ½,Ğ«±ÏÑÒ,1,undirected
ÔÆÉ½,Ä¾Ìú,8,undirected
ÔÆÉ½,ÃÉÁ¦,3,undirected
ÔÆÉ½,ÔÆ·«,8,undirected
ÔÆÉ½,ÃÀ¶ÅÉ¯,41,undirected
ÏôÀ÷,ÏôÑ×,384,undirected
ÏôÀ÷,Ò©ÀÏ,8,undirected
ÏôÀ÷,Ş¹¶ù,9,undirected
ÏôÀ÷,Ğ¡Ò½ÏÉ,17,undirected
ÏôÀ÷,²ÊÁÛ,5,undirected
ÏôÀ÷,º£²¨¶«,8,undirected
ÏôÀ÷,ËÕÇ§,32,undirected
ÏôÀ÷,º«·ã,18,undirected
ÏôÀ÷,ÄÉÀ¼æÌÈ»,4,undirected
ÏôÀ÷,ÔÆÉ½,5,undirected
ÏôÀ÷,ÔÆÔÏ,1,undirected
ÏôÀ÷,¹ÅºÓ,2,undirected
ÏôÀ÷,Îâê»,4,undirected
ÏôÀ÷,ÇàÁÛ,6,undirected
ÏôÀ÷,ÏôÓñ,10,undirected
ÏôÀ÷,Ïô¶¦,97,undirected
ÏôÀ÷,ÁÖìÍ,6,undirected
ÏôÀ÷,ÏôÕ½,1,undirected
ÏôÀ÷,ÑıêÔ,1,undirected
ÏôÀ÷,çú¼Î,3,undirected
ÏôÀ÷,ÂŞ²¼,4,undirected
ÏôÀ÷,ÍÓÉá¹ÅµÛ,1,undirected
ÏôÀ÷,µØÄ§ÀÏ¹í,7,undirected
ÏôÀ÷,ÏôÄş,2,undirected
ÏôÀ÷,ÏôÃÄ,1,undirected
ÏôÀ÷,Ä¾Ìú,2,undirected
ÏôÀ÷,½ğÒø¶şÀÏ,10,undirected
ÏôÀ÷,ËÕÃÄ,5,undirected
ÏôÀ÷,ÌúÎÚ,5,undirected
ÏôÀ÷,ÃÀ¶ÅÉ¯,20,undirected
ÑÅåú,ÏôÑ×,266,undirected
ÑÅåú,Ò©ÀÏ,11,undirected
ÑÅåú,Ş¹¶ù,2,undirected
ÑÅåú,²ÊÁÛ,2,undirected
ÑÅåú,º£²¨¶«,44,undirected
ÑÅåú,ÄÉÀ¼æÌÈ»,26,undirected
ÑÅåú,ÔÆÉ½,1,undirected
ÑÅåú,ÔÆÔÏ,1,undirected
ÑÅåú,¹ÅºÓ,5,undirected
ÑÅåú,·¨áï,1,undirected
ÑÅåú,ÏôÓñ,1,undirected
ÑÅåú,Ïô¶¦,9,undirected
ÑÅåú,ÏôÕ½,32,undirected
ÑÅåú,ÄÉÀ¼èî,8,undirected
ÑÅåú,Áøôá,2,undirected
ÑÅåú,ÏôÄş,1,undirected
ÑÅåú,Ã×ÌØ¶û¡¤ÌÚÉ½,21,undirected
ÑÅåú,Ä¾Ìú,1,undirected
ÑÅåú,ÃÀ¶ÅÉ¯,7,undirected
ÔÆÔÏ,ÏôÑ×,281,undirected
ÔÆÔÏ,Ò©ÀÏ,9,undirected
ÔÆÔÏ,Ş¹¶ù,5,undirected
ÔÆÔÏ,Ğ¡Ò½ÏÉ,8,undirected
ÔÆÔÏ,²ÊÁÛ,13,undirected
ÔÆÔÏ,º£²¨¶«,17,undirected
ÔÆÔÏ,ÄÉÀ¼æÌÈ»,68,undirected
ÔÆÔÏ,ÔÆÉ½,67,undirected
ÔÆÔÏ,ÏôÀ÷,1,undirected
ÔÆÔÏ,ÑÅåú,1,undirected
ÔÆÔÏ,¹ÅºÓ,43,undirected
ÔÆÔÏ,Îâê»,1,undirected
ÔÆÔÏ,·¨áï,4,undirected
ÔÆÔÏ,ÇàÁÛ,4,undirected
ÔÆÔÏ,Ïô¶¦,3,undirected
ÔÆÔÏ,ÏôÕ½,5,undirected
ÔÆÔÏ,çú¼Î,1,undirected
ÔÆÔÏ,Ò©³¾,1,undirected
ÔÆÔÏ,ÄÉÀ¼èî,5,undirected
ÔÆÔÏ,¼ÓĞÌÌì,5,undirected
ÔÆÔÏ,¹ÅÇàÑô,1,undirected
ÔÆÔÏ,Ä«³Ğ,7,undirected
ÔÆÔÏ,ÁèÓ°,2,undirected
ÔÆÔÏ,Ä¾Ìú,1,undirected
ÔÆÔÏ,Ñı»¨Ğ°¾ı,5,undirected
ÔÆÔÏ,»¨½õ,12,undirected
ÔÆÔÏ,ÓÄÈª,1,undirected
ÔÆÔÏ,»¨ÆÅÆÅ,9,undirected
ÔÆÔÏ,ÃÀ¶ÅÉ¯,8,undirected
ÔÆÔÏ,Ñ¬¶ù,1,undirected
¹ÅºÓ,ÏôÑ×,213,undirected
¹ÅºÓ,Ò©ÀÏ,11,undirected
¹ÅºÓ,²ÊÁÛ,8,undirected
¹ÅºÓ,º£²¨¶«,22,undirected
¹ÅºÓ,º«·ã,1,undirected
¹ÅºÓ,ÄÉÀ¼æÌÈ»,19,undirected
¹ÅºÓ,ÔÆÉ½,43,undirected
¹ÅºÓ,ÏôÀ÷,2,undirected
¹ÅºÓ,ÑÅåú,5,undirected
¹ÅºÓ,ÔÆÔÏ,43,undirected
¹ÅºÓ,·¨áï,43,undirected
¹ÅºÓ,Ïô¶¦,4,undirected
¹ÅºÓ,Ò©³¾,1,undirected
¹ÅºÓ,ÄÉÀ¼èî,8,undirected
¹ÅºÓ,Áøôá,28,undirected
¹ÅºÓ,¼ÓĞÌÌì,12,undirected
¹ÅºÓ,Ñ×Àû,3,undirected
¹ÅºÓ,ÃÀ¶ÅÉ¯,50,undirected
ÁøÇæ,ÏôÑ×,279,undirected
ÁøÇæ,Ò©ÀÏ,1,undirected
ÁøÇæ,Ş¹¶ù,23,undirected
ÁøÇæ,Ğ¡Ò½ÏÉ,7,undirected
ÁøÇæ,ËÕÇ§,17,undirected
ÁøÇæ,Îâê»,6,undirected
ÁøÇæ,ÁÖìÍ,52,undirected
ÁøÇæ,ÁÖĞŞÑÂ,129,undirected
ÁøÇæ,°×³Ì,8,undirected
ÁøÇæ,çú¼Î,1,undirected
ÁøÇæ,º«ÔÂ,3,undirected
ÁøÇæ,Ò¦Ê¢,24,undirected
ÁøÇæ,·ÑÌì,1,undirected
ÁøÇæ,º«ÏĞ,1,undirected
ÁøÇæ,Áø·Æ,36,undirected
ÁøÇæ,À×ÄÉ,2,undirected
ÁøÇæ,ÑÏğ©,2,undirected
ÁøÇæ,À¾ÑÔ,9,undirected
ÁøÇæ,Ò¶ĞÀÀ¶,2,undirected
ÁøÇæ,ÃÀ¶ÅÉ¯,1,undirected
Îâê»,ÏôÑ×,231,undirected
Îâê»,Ò©ÀÏ,2,undirected
Îâê»,Ş¹¶ù,86,undirected
Îâê»,Ğ¡Ò½ÏÉ,1,undirected
Îâê»,ËÕÇ§,6,undirected
Îâê»,º«·ã,2,undirected
Îâê»,ÏôÀ÷,4,undirected
Îâê»,ÔÆÔÏ,1,undirected
Îâê»,ÁøÇæ,6,undirected
Îâê»,ÏôÓñ,16,undirected
Îâê»,ÁÖìÍ,11,undirected
Îâê»,ÁÖĞŞÑÂ,4,undirected
Îâê»,°×³Ì,9,undirected
Îâê»,çú¼Î,135,undirected
Îâê»,ÈôÁÕ,4,undirected
Îâê»,µØÄ§ÀÏ¹í,1,undirected
Îâê»,º«ÔÂ,2,undirected
Îâê»,Ò¦Ê¢,1,undirected
Îâê»,çúÇ¬,7,undirected
Îâê»,º«ÏĞ,2,undirected
Îâê»,É³Ìú,2,undirected
Îâê»,½ğÒø¶şÀÏ,1,undirected
Îâê»,¸¶°½,3,undirected
Îâê»,ÂŞºî,2,undirected
Îâê»,ËÕĞ¦,1,undirected
Îâê»,Ğ»Õğ,20,undirected
Îâê»,Àâ°×,3,undirected
Îâê»,ĞŞÑÒ,8,undirected
Îâê»,Ç®Ä°,2,undirected
·¨áï,ÏôÑ×,221,undirected
·¨áï,Ò©ÀÏ,11,undirected
·¨áï,Ğ¡Ò½ÏÉ,1,undirected
·¨áï,º£²¨¶«,67,undirected
·¨áï,ÄÉÀ¼æÌÈ»,5,undirected
·¨áï,ÔÆÉ½,10,undirected
·¨áï,ÑÅåú,1,undirected
·¨áï,ÔÆÔÏ,4,undirected
·¨áï,¹ÅºÓ,43,undirected
·¨áï,Ïô¶¦,2,undirected
·¨áï,ÄÉÀ¼èî,8,undirected
·¨áï,Áøôá,11,undirected
·¨áï,¼ÓĞÌÌì,38,undirected
·¨áï,Ä«³Ğ,4,undirected
·¨áï,ÁèÓ°,1,undirected
·¨áï,Ñ×Àû,35,undirected
·¨áï,Ä½À¼ÈıÀÏ,1,undirected
·¨áï,ÃÀ¶ÅÉ¯,7,undirected
¹ÅÔª,ÏôÑ×,136,undirected
¹ÅÔª,Ş¹¶ù,30,undirected
¹ÅÔª,²ÊÁÛ,2,undirected
¹ÅÔª,ÄÉÀ¼æÌÈ»,1,undirected
¹ÅÔª,ÍÓÉá¹ÅµÛ,21,undirected
¹ÅÔª,¹ÅÇàÑô,1,undirected
¹ÅÔª,»êÓñ,2,undirected
¹ÅÔª,ÁèÓ°,1,undirected
¹ÅÔª,ÚøÌì³ß,1,undirected
ÇàÁÛ,ÏôÑ×,263,undirected
ÇàÁÛ,Ò©ÀÏ,14,undirected
ÇàÁÛ,Ş¹¶ù,1,undirected
ÇàÁÛ,Ğ¡Ò½ÏÉ,41,undirected
ÇàÁÛ,²ÊÁÛ,17,undirected
ÇàÁÛ,º£²¨¶«,7,undirected
ÇàÁÛ,ÄÉÀ¼æÌÈ»,7,undirected
ÇàÁÛ,ÏôÀ÷,6,undirected
ÇàÁÛ,ÔÆÔÏ,4,undirected
ÇàÁÛ,Ïô¶¦,38,undirected
ÇàÁÛ,ÕªĞÇÀÏ¹í,2,undirected
ÇàÁÛ,»êµîµîÖ÷,1,undirected
ÇàÁÛ,ÑıêÔ,4,undirected
ÇàÁÛ,ÂŞ²¼,5,undirected
ÇàÁÛ,ºÚÇæ,11,undirected
ÇàÁÛ,Ä«³Ğ,5,undirected
ÇàÁÛ,Ïô³¿,1,undirected
ÇàÁÛ,ÁèÓ°,1,undirected
ÇàÁÛ,Ñı»¨Ğ°¾ı,2,undirected
ÇàÁÛ,ÚøÌì³ß,1,undirected
ÇàÁÛ,»ËĞù,3,undirected
ÇàÁÛ,»¨½õ,4,undirected
ÇàÁÛ,ÃÀ¶ÅÉ¯,1,undirected
ÏôÓñ,ÏôÑ×,246,undirected
ÏôÓñ,Ò©ÀÏ,2,undirected
ÏôÓñ,Ş¹¶ù,59,undirected
ÏôÓñ,Ğ¡Ò½ÏÉ,1,undirected
ÏôÓñ,ËÕÇ§,1,undirected
ÏôÓñ,ÄÉÀ¼æÌÈ»,2,undirected
ÏôÓñ,ÏôÀ÷,10,undirected
ÏôÓñ,ÑÅåú,1,undirected
ÏôÓñ,Îâê»,16,undirected
ÏôÓñ,ÁÖìÍ,2,undirected
ÏôÓñ,ÏôÕ½,2,undirected
ÏôÓñ,çú¼Î,7,undirected
ÏôÓñ,ÈôÁÕ,39,undirected
ÏôÓñ,ÂŞ²¼,18,undirected
ÏôÓñ,ÏôÄş,31,undirected
ÏôÓñ,ÏôÃÄ,12,undirected
ÏôÓñ,Ğ»Õğ,3,undirected
Ïô¶¦,ÏôÑ×,209,undirected
Ïô¶¦,Ò©ÀÏ,1,undirected
Ïô¶¦,Ş¹¶ù,1,undirected
Ïô¶¦,Ğ¡Ò½ÏÉ,1,undirected
Ïô¶¦,²ÊÁÛ,7,undirected
Ïô¶¦,º£²¨¶«,31,undirected
Ïô¶¦,ÄÉÀ¼æÌÈ»,3,undirected
Ïô¶¦,ÔÆÉ½,3,undirected
Ïô¶¦,ÏôÀ÷,97,undirected
Ïô¶¦,ÑÅåú,9,undirected
Ïô¶¦,ÔÆÔÏ,3,undirected
Ïô¶¦,¹ÅºÓ,4,undirected
Ïô¶¦,·¨áï,2,undirected
Ïô¶¦,ÇàÁÛ,38,undirected
Ïô¶¦,ÁÖìÍ,1,undirected
Ïô¶¦,ÏôÕ½,1,undirected
Ïô¶¦,ÑıêÔ,1,undirected
Ïô¶¦,ÄÉÀ¼èî,1,undirected
Ïô¶¦,¼ÓĞÌÌì,1,undirected
Ïô¶¦,ÂŞ²¼,12,undirected
Ïô¶¦,ÏôÄş,1,undirected
Ïô¶¦,Ä«³Ğ,4,undirected
Ïô¶¦,Ã×ÌØ¶û¡¤ÌÚÉ½,4,undirected
Ïô¶¦,ÑãÂäÌì,2,undirected
Ïô¶¦,Ä½À¼ÈıÀÏ,2,undirected
Ïô¶¦,ÃÀ¶ÅÉ¯,13,undirected
ÁÖìÍ,ÏôÑ×,274,undirected
ÁÖìÍ,Ş¹¶ù,17,undirected
ÁÖìÍ,Ğ¡Ò½ÏÉ,2,undirected
ÁÖìÍ,º£²¨¶«,4,undirected
ÁÖìÍ,ËÕÇ§,2,undirected
ÁÖìÍ,º«·ã,1,undirected
ÁÖìÍ,ÔÆÉ½,1,undirected
ÁÖìÍ,ÏôÀ÷,6,undirected
ÁÖìÍ,ÁøÇæ,52,undirected
ÁÖìÍ,Îâê»,11,undirected
ÁÖìÍ,ÏôÓñ,2,undirected
ÁÖìÍ,Ïô¶¦,1,undirected
ÁÖìÍ,ÁÖĞŞÑÂ,33,undirected
ÁÖìÍ,°×³Ì,9,undirected
ÁÖìÍ,çú¼Î,7,undirected
ÁÖìÍ,·ïÇå¶ù,4,undirected
ÁÖìÍ,º«ÔÂ,1,undirected
ÁÖìÍ,Ò¦Ê¢,10,undirected
ÁÖìÍ,·ÑÌì,3,undirected
ÁÖìÍ,º«ÏĞ,7,undirected
ÁÖìÍ,Ä½Çàğ½,4,undirected
ÁÖìÍ,Íõ³¾,13,undirected
ÁÖìÍ,Áø·Æ,4,undirected
ÁÖìÍ,Ä¾Ìú,1,undirected
ÁÖìÍ,À×ÄÉ,1,undirected
ÁÖìÍ,ÑÏğ©,3,undirected
ÁÖìÍ,ÔÆ·«,1,undirected
ÁÖìÍ,ÃÀ¶ÅÉ¯,3,undirected
ÕªĞÇÀÏ¹í,ÏôÑ×,197,undirected
ÕªĞÇÀÏ¹í,Ò©ÀÏ,6,undirected
ÕªĞÇÀÏ¹í,Ğ¡Ò½ÏÉ,11,undirected
ÕªĞÇÀÏ¹í,ÇàÁÛ,2,undirected
ÕªĞÇÀÏ¹í,ÌÆÕğ,19,undirected
ÕªĞÇÀÏ¹í,Ä½¹Ç,3,undirected
ÕªĞÇÀÏ¹í,Ò©³¾,3,undirected
ÕªĞÇÀÏ¹í,·ïÇå¶ù,1,undirected
ÕªĞÇÀÏ¹í,½£×ğÕß,1,undirected
ÕªĞÇÀÏ¹í,»ËĞù,25,undirected
ÕªĞÇÀÏ¹í,Ìú½£×ğÕß,1,undirected
ÁÖĞŞÑÂ,ÏôÑ×,219,undirected
ÁÖĞŞÑÂ,Ò©ÀÏ,4,undirected
ÁÖĞŞÑÂ,Ş¹¶ù,23,undirected
ÁÖĞŞÑÂ,ËÕÇ§,14,undirected
ÁÖĞŞÑÂ,º«·ã,1,undirected
ÁÖĞŞÑÂ,ÁøÇæ,129,undirected
ÁÖĞŞÑÂ,Îâê»,4,undirected
ÁÖĞŞÑÂ,ÁÖìÍ,33,undirected
ÁÖĞŞÑÂ,°×³Ì,7,undirected
ÁÖĞŞÑÂ,çú¼Î,4,undirected
ÁÖĞŞÑÂ,º«ÔÂ,19,undirected
ÁÖĞŞÑÂ,Ò¦Ê¢,10,undirected
ÁÖĞŞÑÂ,Áø·Æ,4,undirected
ÁÖĞŞÑÂ,ÑÏğ©,32,undirected
ÁÖĞŞÑÂ,ÃÀ¶ÅÉ¯,1,undirected
ÏôÕ½,ÏôÑ×,140,undirected
ÏôÕ½,Ò©ÀÏ,4,undirected
ÏôÕ½,Ş¹¶ù,21,undirected
ÏôÕ½,²ÊÁÛ,5,undirected
ÏôÕ½,ÄÉÀ¼æÌÈ»,15,undirected
ÏôÕ½,ÔÆÉ½,1,undirected
ÏôÕ½,ÏôÀ÷,1,undirected
ÏôÕ½,ÑÅåú,32,undirected
ÏôÕ½,ÔÆÔÏ,5,undirected
ÏôÕ½,ÏôÓñ,2,undirected
ÏôÕ½,Ïô¶¦,1,undirected
ÏôÕ½,»êµîµîÖ÷,4,undirected
ÏôÕ½,ÄÉÀ¼èî,1,undirected
ÏôÕ½,ÈôÁÕ,1,undirected
ÏôÕ½,ÍÓÉá¹ÅµÛ,4,undirected
ÏôÕ½,ÏôÄş,5,undirected
ÏôÕ½,ÁèÓ°,3,undirected
ÏôÕ½,ËÕĞ¦,1,undirected
ÏôÕ½,ÃÀ¶ÅÉ¯,1,undirected
²ÜÓ±,ÏôÑ×,204,undirected
²ÜÓ±,Ò©ÀÏ,1,undirected
²ÜÓ±,Ğ¡Ò½ÏÉ,9,undirected
²ÜÓ±,Ä½¹Ç,14,undirected
²ÜÓ±,Ğş¿Õ×Ó,5,undirected
²ÜÓ±,Áøôá,1,undirected
²ÜÓ±,²Üµ¥,8,undirected
²ÜÓ±,»ê·ç,3,undirected
²ÜÓ±,µ¤Ğù,9,undirected
²ÜÓ±,µ¤³¿,28,undirected
²ÜÓ±,°×Ó¥,3,undirected
²ÜÓ±,²ÜĞİ,5,undirected
²ÜÓ±,Çñ»ú,3,undirected
°×³Ì,ÏôÑ×,196,undirected
°×³Ì,Ş¹¶ù,18,undirected
°×³Ì,ËÕÇ§,2,undirected
°×³Ì,ÁøÇæ,8,undirected
°×³Ì,Îâê»,9,undirected
°×³Ì,ÁÖìÍ,9,undirected
°×³Ì,ÁÖĞŞÑÂ,7,undirected
°×³Ì,çú¼Î,2,undirected
°×³Ì,º«ÔÂ,4,undirected
°×³Ì,Ò¦Ê¢,4,undirected
°×³Ì,º«ÏĞ,3,undirected
°×³Ì,Áø·Æ,3,undirected
°×³Ì,¸¶°½,11,undirected
°×³Ì,ÂŞºî,1,undirected
°×³Ì,À×ÄÉ,1,undirected
°×³Ì,ÑÏğ©,6,undirected
»êµîµîÖ÷,ÏôÑ×,126,undirected
»êµîµîÖ÷,Ò©ÀÏ,8,undirected
»êµîµîÖ÷,Ş¹¶ù,7,undirected
»êµîµîÖ÷,Ğ¡Ò½ÏÉ,1,undirected
»êµîµîÖ÷,ÇàÁÛ,1,undirected
»êµîµîÖ÷,ÏôÕ½,4,undirected
»êµîµîÖ÷,Ä½¹Ç,1,undirected
»êµîµîÖ÷,Ğş¿Õ×Ó,2,undirected
»êµîµîÖ÷,Ò©³¾,1,undirected
»êµîµîÖ÷,Ïô³¿,28,undirected
»êµîµîÖ÷,»ê·ç,7,undirected
»êµîµîÖ÷,Ò©Íò¹é,2,undirected
»êµîµîÖ÷,¾»Á«ÑıÊ¥,2,undirected
»êµîµîÖ÷,Çàº£,1,undirected
»êµîµîÖ÷,µ¤ËşÀÏ×æ,2,undirected
»êµîµîÖ÷,»ğÔÆÀÏ×æ,1,undirected
»êµîµîÖ÷,»ğÖÉ,1,undirected
ÌÆÕğ,ÏôÑ×,164,undirected
ÌÆÕğ,Ò©ÀÏ,1,undirected
ÌÆÕğ,Ğ¡Ò½ÏÉ,1,undirected
ÌÆÕğ,ÕªĞÇÀÏ¹í,19,undirected
ÌÆÕğ,·ïÇå¶ù,1,undirected
ÌÆÕğ,·ÑÌì,1,undirected
ÌÆÕğ,À××ğÕß,3,undirected
ÌÆÕğ,Ñ×Àû,1,undirected
ÌÆÕğ,ÌÆ»ğ¶ù,19,undirected
ÌÆÕğ,»ËĞù,8,undirected
ÑıêÔ,ÏôÑ×,141,undirected
ÑıêÔ,Ò©ÀÏ,1,undirected
ÑıêÔ,Ğ¡Ò½ÏÉ,2,undirected
ÑıêÔ,²ÊÁÛ,13,undirected
ÑıêÔ,ÏôÀ÷,1,undirected
ÑıêÔ,ÇàÁÛ,4,undirected
ÑıêÔ,Ïô¶¦,1,undirected
ÑıêÔ,ºÚÇæ,1,undirected
ÑıêÔ,½ğÊ¯,1,undirected
ÑıêÔ,¾Å·ï,1,undirected
çú¼Î,ÏôÑ×,158,undirected
çú¼Î,Ş¹¶ù,105,undirected
çú¼Î,ËÕÇ§,2,undirected
çú¼Î,ÏôÀ÷,3,undirected
çú¼Î,ÔÆÔÏ,1,undirected
çú¼Î,ÁøÇæ,1,undirected
çú¼Î,Îâê»,135,undirected
çú¼Î,ÏôÓñ,7,undirected
çú¼Î,ÁÖìÍ,7,undirected
çú¼Î,ÁÖĞŞÑÂ,4,undirected
çú¼Î,°×³Ì,2,undirected
çú¼Î,ÈôÁÕ,1,undirected
çú¼Î,µØÄ§ÀÏ¹í,1,undirected
çú¼Î,º«ÔÂ,1,undirected
çú¼Î,Ò¦Ê¢,1,undirected
çú¼Î,çúÇ¬,15,undirected
çú¼Î,º«ÏĞ,1,undirected
çú¼Î,É³Ìú,5,undirected
çú¼Î,ÂŞºî,2,undirected
çú¼Î,ËÕĞ¦,2,undirected
çú¼Î,ÑÏğ©,1,undirected
çú¼Î,ĞŞÑÒ,2,undirected
Ä½¹Ç,ÏôÑ×,122,undirected
Ä½¹Ç,Ò©ÀÏ,2,undirected
Ä½¹Ç,Ğ¡Ò½ÏÉ,3,undirected
Ä½¹Ç,º«·ã,3,undirected
Ä½¹Ç,ÕªĞÇÀÏ¹í,3,undirected
Ä½¹Ç,²ÜÓ±,14,undirected
Ä½¹Ç,»êµîµîÖ÷,1,undirected
Ä½¹Ç,Ğş¿Õ×Ó,19,undirected
Ä½¹Ç,Ò©³¾,2,undirected
Ä½¹Ç,µ¤³¿,3,undirected
Ğş¿Õ×Ó,ÏôÑ×,111,undirected
Ğş¿Õ×Ó,Ò©ÀÏ,17,undirected
Ğş¿Õ×Ó,Ğ¡Ò½ÏÉ,3,undirected
Ğş¿Õ×Ó,²ÜÓ±,5,undirected
Ğş¿Õ×Ó,»êµîµîÖ÷,2,undirected
Ğş¿Õ×Ó,Ä½¹Ç,19,undirected
Ğş¿Õ×Ó,Ò©³¾,18,undirected
Ğş¿Õ×Ó,»êÓñ,1,undirected
Ğş¿Õ×Ó,½£×ğÕß,1,undirected
Ğş¿Õ×Ó,»ğÔÆÀÏ×æ,1,undirected
Ğş¿Õ×Ó,µ¤³¿,1,undirected
Ğş¿Õ×Ó,Ìú½£×ğÕß,1,undirected
Ò©³¾,ÏôÑ×,75,undirected
Ò©³¾,Ò©ÀÏ,30,undirected
Ò©³¾,Ş¹¶ù,9,undirected
Ò©³¾,Ğ¡Ò½ÏÉ,2,undirected
Ò©³¾,º£²¨¶«,1,undirected
Ò©³¾,º«·ã,15,undirected
Ò©³¾,ÔÆÉ½,4,undirected
Ò©³¾,ÔÆÔÏ,1,undirected
Ò©³¾,¹ÅºÓ,1,undirected
Ò©³¾,ÕªĞÇÀÏ¹í,3,undirected
Ò©³¾,»êµîµîÖ÷,1,undirected
Ò©³¾,Ä½¹Ç,2,undirected
Ò©³¾,Ğş¿Õ×Ó,18,undirected
Ò©³¾,ÍÓÉá¹ÅµÛ,1,undirected
Ò©³¾,ºÚÇæ,1,undirected
Ò©³¾,ÁèÓ°,1,undirected
Ò©³¾,Ä½Çàğ½,2,undirected
Ò©³¾,Ñı»¨Ğ°¾ı,4,undirected
Ò©³¾,Ò©Íò¹é,6,undirected
Ò©³¾,½£×ğÕß,3,undirected
Ò©³¾,Ìú½£×ğÕß,3,undirected
Ò©³¾,Ò©ĞÇ¼«,1,undirected
Ò©³¾,ÃÀ¶ÅÉ¯,1,undirected
ÄÉÀ¼èî,ÏôÑ×,129,undirected
ÄÉÀ¼èî,Ò©ÀÏ,3,undirected
ÄÉÀ¼èî,Ğ¡Ò½ÏÉ,1,undirected
ÄÉÀ¼èî,º£²¨¶«,14,undirected
ÄÉÀ¼èî,ÄÉÀ¼æÌÈ»,49,undirected
ÄÉÀ¼èî,ÔÆÉ½,2,undirected
ÄÉÀ¼èî,ÑÅåú,8,undirected
ÄÉÀ¼èî,ÔÆÔÏ,5,undirected
ÄÉÀ¼èî,¹ÅºÓ,8,undirected
ÄÉÀ¼èî,·¨áï,8,undirected
ÄÉÀ¼èî,Ïô¶¦,1,undirected
ÄÉÀ¼èî,ÏôÕ½,1,undirected
ÄÉÀ¼èî,Áøôá,10,undirected
ÄÉÀ¼èî,¼ÓĞÌÌì,8,undirected
ÄÉÀ¼èî,Ä«³Ğ,1,undirected
ÄÉÀ¼èî,ÁèÓ°,1,undirected
ÄÉÀ¼èî,Ã×ÌØ¶û¡¤ÌÚÉ½,20,undirected
ÄÉÀ¼èî,ÃÀ¶ÅÉ¯,2,undirected
ÄÉÀ¼èî,Ñ¬¶ù,2,undirected
ôáÈª,ÏôÑ×,144,undirected
ôáÈª,Ş¹¶ù,40,undirected
ôáÈª,Ğ¡Ò½ÏÉ,5,undirected
ôáÈª,ËÕÇ§,7,undirected
ôáÈª,¹ÅÇàÑô,1,undirected
ôáÈª,¹ÅÑı,4,undirected
ÈôÁÕ,ÏôÑ×,134,undirected
ÈôÁÕ,Ò©ÀÏ,1,undirected
ÈôÁÕ,Ş¹¶ù,62,undirected
ÈôÁÕ,ÄÉÀ¼æÌÈ»,1,undirected
ÈôÁÕ,Îâê»,4,undirected
ÈôÁÕ,ÏôÓñ,39,undirected
ÈôÁÕ,ÏôÕ½,1,undirected
ÈôÁÕ,çú¼Î,1,undirected
ÈôÁÕ,ÂŞ²¼,7,undirected
ÈôÁÕ,ÏôÄş,3,undirected
ÈôÁÕ,çúÇ¬,1,undirected
ÈôÁÕ,ÏôÃÄ,2,undirected
·ïÇå¶ù,ÏôÑ×,133,undirected
·ïÇå¶ù,Ò©ÀÏ,3,undirected
·ïÇå¶ù,Ğ¡Ò½ÏÉ,1,undirected
·ïÇå¶ù,ÄÉÀ¼æÌÈ»,5,undirected
·ïÇå¶ù,ÁÖìÍ,4,undirected
·ïÇå¶ù,ÕªĞÇÀÏ¹í,1,undirected
·ïÇå¶ù,ÌÆÕğ,1,undirected
·ïÇå¶ù,·ÑÌì,3,undirected
·ïÇå¶ù,ÉòÔÆ,1,undirected
·ïÇå¶ù,À××ğÕß,20,undirected
·ïÇå¶ù,ºé³½,1,undirected
·ïÇå¶ù,½ğÊ¯,6,undirected
·ïÇå¶ù,Ä½Çàğ½,19,undirected
·ïÇå¶ù,Íõ³¾,14,undirected
·ïÇå¶ù,½£×ğÕß,5,undirected
·ïÇå¶ù,»ËĞù,2,undirected
·ïÇå¶ù,»ÆÈª×ğÕß,3,undirected
Áøôá,ÏôÑ×,123,undirected
Áøôá,Ò©ÀÏ,2,undirected
Áøôá,º£²¨¶«,2,undirected
Áøôá,ÄÉÀ¼æÌÈ»,19,undirected
Áøôá,ÑÅåú,2,undirected
Áøôá,¹ÅºÓ,28,undirected
Áøôá,·¨áï,11,undirected
Áøôá,²ÜÓ±,1,undirected
Áøôá,ÄÉÀ¼èî,10,undirected
Áøôá,Ñ×Àû,20,undirected
Áøôá,ÃÀ¶ÅÉ¯,1,undirected
¼ÓĞÌÌì,ÏôÑ×,116,undirected
¼ÓĞÌÌì,Ò©ÀÏ,6,undirected
¼ÓĞÌÌì,º£²¨¶«,37,undirected
¼ÓĞÌÌì,ÄÉÀ¼æÌÈ»,5,undirected
¼ÓĞÌÌì,ÔÆÉ½,23,undirected
¼ÓĞÌÌì,ÔÆÔÏ,5,undirected
¼ÓĞÌÌì,¹ÅºÓ,12,undirected
¼ÓĞÌÌì,·¨áï,38,undirected
¼ÓĞÌÌì,Ïô¶¦,1,undirected
¼ÓĞÌÌì,ÄÉÀ¼èî,8,undirected
¼ÓĞÌÌì,Ä«³Ğ,5,undirected
¼ÓĞÌÌì,ÁèÓ°,2,undirected
¼ÓĞÌÌì,Ğ«±ÏÑÒ,1,undirected
¼ÓĞÌÌì,ÃÀ¶ÅÉ¯,17,undirected
º«Ñ©,ÏôÑ×,102,undirected
º«Ñ©,ËÕÇ§,1,undirected
º«Ñ©,º«ÔÂ,39,undirected
º«Ñ©,ÉòÔÆ,9,undirected
º«Ñ©,ºé³½,9,undirected
º«Ñ©,º«³å,21,undirected
º«Ñ©,º«³Ø,13,undirected
º«Ñ©,ÑıÉßÏÄÃ§,3,undirected
ÂŞ²¼,ÏôÑ×,106,undirected
ÂŞ²¼,Ş¹¶ù,7,undirected
ÂŞ²¼,º£²¨¶«,3,undirected
ÂŞ²¼,ÏôÀ÷,4,undirected
ÂŞ²¼,ÇàÁÛ,5,undirected
ÂŞ²¼,ÏôÓñ,18,undirected
ÂŞ²¼,Ïô¶¦,12,undirected
ÂŞ²¼,ÈôÁÕ,7,undirected
ÂŞ²¼,ÃÀ¶ÅÉ¯,1,undirected
ÍÓÉá¹ÅµÛ,ÏôÑ×,102,undirected
ÍÓÉá¹ÅµÛ,Ò©ÀÏ,10,undirected
ÍÓÉá¹ÅµÛ,Ş¹¶ù,21,undirected
ÍÓÉá¹ÅµÛ,Ğ¡Ò½ÏÉ,1,undirected
ÍÓÉá¹ÅµÛ,ÏôÀ÷,1,undirected
ÍÓÉá¹ÅµÛ,¹ÅÔª,21,undirected
ÍÓÉá¹ÅµÛ,ÏôÕ½,4,undirected
ÍÓÉá¹ÅµÛ,Ò©³¾,1,undirected
ÍÓÉá¹ÅµÛ,»êÓñ,1,undirected
ÍÓÉá¹ÅµÛ,ÚøÌì³ß,1,undirected
µØÄ§ÀÏ¹í,ÏôÑ×,101,undirected
µØÄ§ÀÏ¹í,Ò©ÀÏ,1,undirected
µØÄ§ÀÏ¹í,Ğ¡Ò½ÏÉ,41,undirected
µØÄ§ÀÏ¹í,ËÕÇ§,35,undirected
µØÄ§ÀÏ¹í,º«·ã,13,undirected
µØÄ§ÀÏ¹í,ÔÆÉ½,5,undirected
µØÄ§ÀÏ¹í,ÏôÀ÷,7,undirected
µØÄ§ÀÏ¹í,Îâê»,1,undirected
µØÄ§ÀÏ¹í,çú¼Î,1,undirected
µØÄ§ÀÏ¹í,Ìú»¤·¨,1,undirected
µØÄ§ÀÏ¹í,ºé³½,1,undirected
µØÄ§ÀÏ¹í,ÚøÌì³ß,5,undirected
º«ÔÂ,ÏôÑ×,108,undirected
º«ÔÂ,Ò©ÀÏ,1,undirected
º«ÔÂ,Ş¹¶ù,2,undirected
º«ÔÂ,ËÕÇ§,1,undirected
º«ÔÂ,ÁøÇæ,3,undirected
º«ÔÂ,Îâê»,2,undirected
º«ÔÂ,ÁÖìÍ,1,undirected
º«ÔÂ,ÁÖĞŞÑÂ,19,undirected
º«ÔÂ,°×³Ì,4,undirected
º«ÔÂ,çú¼Î,1,undirected
º«ÔÂ,º«Ñ©,39,undirected
º«ÔÂ,Ò¦Ê¢,1,undirected
º«ÔÂ,ÉòÔÆ,3,undirected
º«ÔÂ,ºé³½,11,undirected
º«ÔÂ,º«³å,1,undirected
º«ÔÂ,º«³Ø,3,undirected
º«ÔÂ,ÂŞºî,1,undirected
º«ÔÂ,ÑÏğ©,10,undirected
º«ÔÂ,ÓÄÈª,1,undirected
ÄÂÉß,ÏôÑ×,89,undirected
ÄÂÉß,Ò©ÀÏ,1,undirected
ÄÂÉß,Ğ¡Ò½ÏÉ,13,undirected
ÄÂÉß,ÄÂÁ¦,6,undirected
Ò¦Ê¢,ÏôÑ×,119,undirected
Ò¦Ê¢,Ş¹¶ù,5,undirected
Ò¦Ê¢,ÁøÇæ,24,undirected
Ò¦Ê¢,Îâê»,1,undirected
Ò¦Ê¢,ÁÖìÍ,10,undirected
Ò¦Ê¢,ÁÖĞŞÑÂ,10,undirected
Ò¦Ê¢,°×³Ì,4,undirected
Ò¦Ê¢,çú¼Î,1,undirected
Ò¦Ê¢,º«ÔÂ,1,undirected
Ò¦Ê¢,Áø·Æ,24,undirected
·ÑÌì,ÏôÑ×,102,undirected
·ÑÌì,Ğ¡Ò½ÏÉ,3,undirected
·ÑÌì,ÁøÇæ,1,undirected
·ÑÌì,ÁÖìÍ,3,undirected
·ÑÌì,ÌÆÕğ,1,undirected
·ÑÌì,·ïÇå¶ù,3,undirected
·ÑÌì,ÉòÔÆ,2,undirected
·ÑÌì,À××ğÕß,15,undirected
·ÑÌì,ºé³½,1,undirected
·ÑÌì,½ğÊ¯,3,undirected
·ÑÌì,Ä½Çàğ½,3,undirected
·ÑÌì,½£×ğÕß,1,undirected
ÉòÔÆ,ÏôÑ×,91,undirected
ÉòÔÆ,ËÕÇ§,1,undirected
ÉòÔÆ,·ïÇå¶ù,1,undirected
ÉòÔÆ,º«Ñ©,9,undirected
ÉòÔÆ,º«ÔÂ,3,undirected
ÉòÔÆ,·ÑÌì,2,undirected
ÉòÔÆ,ºé³½,1,undirected
ÉòÔÆ,º«³Ø,15,undirected
ÉòÔÆ,²ÔÀÇÍõ,1,undirected
À××ğÕß,ÏôÑ×,76,undirected
À××ğÕß,Ò©ÀÏ,2,undirected
À××ğÕß,Ğ¡Ò½ÏÉ,2,undirected
À××ğÕß,ÌÆÕğ,3,undirected
À××ğÕß,·ïÇå¶ù,20,undirected
À××ğÕß,·ÑÌì,15,undirected
À××ğÕß,½ğÊ¯,2,undirected
À××ğÕß,Ä½Çàğ½,3,undirected
À××ğÕß,Íõ³¾,4,undirected
À××ğÕß,½£×ğÕß,17,undirected
À××ğÕß,»ÆÈª×ğÕß,15,undirected
ÏôÄş,ÏôÑ×,85,undirected
ÏôÄş,Ò©ÀÏ,1,undirected
ÏôÄş,Ş¹¶ù,36,undirected
ÏôÄş,ÏôÀ÷,2,undirected
ÏôÄş,ÑÅåú,1,undirected
ÏôÄş,ÏôÓñ,31,undirected
ÏôÄş,Ïô¶¦,1,undirected
ÏôÄş,ÏôÕ½,5,undirected
ÏôÄş,ÈôÁÕ,3,undirected
ÏôÄş,ÏôÃÄ,8,undirected
ºÚÇæ,ÏôÑ×,79,undirected
ºÚÇæ,Ò©ÀÏ,1,undirected
ºÚÇæ,ÇàÁÛ,11,undirected
ºÚÇæ,ÑıêÔ,1,undirected
ºÚÇæ,Ò©³¾,1,undirected
ºÚÇæ,Ñı»¨Ğ°¾ı,2,undirected
ºÚÇæ,»¨½õ,3,undirected
¹ÅÇàÑô,ÏôÑ×,83,undirected
¹ÅÇàÑô,Ò©ÀÏ,2,undirected
¹ÅÇàÑô,Ş¹¶ù,48,undirected
¹ÅÇàÑô,Ğ¡Ò½ÏÉ,1,undirected
¹ÅÇàÑô,²ÊÁÛ,3,undirected
¹ÅÇàÑô,ÔÆÔÏ,1,undirected
¹ÅÇàÑô,¹ÅÔª,1,undirected
¹ÅÇàÑô,ôáÈª,1,undirected
¹ÅÇàÑô,»êÓñ,5,undirected
¹ÅÇàÑô,¹ÅÑı,3,undirected
¹ÅÇàÑô,¾Å·ï,1,undirected
¹ÅÇàÑô,»ğÖÉ,1,undirected
Ìú»¤·¨,ÏôÑ×,61,undirected
Ìú»¤·¨,Ò©ÀÏ,1,undirected
Ìú»¤·¨,Ş¹¶ù,1,undirected
Ìú»¤·¨,Ğ¡Ò½ÏÉ,5,undirected
Ìú»¤·¨,ÔÆÉ½,3,undirected
Ìú»¤·¨,µØÄ§ÀÏ¹í,1,undirected
Ìú»¤·¨,Ğ«É½,2,undirected
Ìú»¤·¨,Ğ«±ÏÑÒ,10,undirected
Ìú»¤·¨,ğÍÓ¥,1,undirected
Ìú»¤·¨,ÃÀ¶ÅÉ¯,46,undirected
»êÓñ,ÏôÑ×,87,undirected
»êÓñ,Ş¹¶ù,17,undirected
»êÓñ,¹ÅÔª,2,undirected
»êÓñ,Ğş¿Õ×Ó,1,undirected
»êÓñ,ÍÓÉá¹ÅµÛ,1,undirected
»êÓñ,¹ÅÇàÑô,5,undirected
»êÓñ,»ê·ç,1,undirected
»êÓñ,¾Å·ï,35,undirected
Ä«³Ğ,ÏôÑ×,31,undirected
Ä«³Ğ,º£²¨¶«,5,undirected
Ä«³Ğ,ÄÉÀ¼æÌÈ»,15,undirected
Ä«³Ğ,ÔÆÉ½,2,undirected
Ä«³Ğ,ÔÆÔÏ,7,undirected
Ä«³Ğ,·¨áï,4,undirected
Ä«³Ğ,ÇàÁÛ,5,undirected
Ä«³Ğ,Ïô¶¦,4,undirected
Ä«³Ğ,ÄÉÀ¼èî,1,undirected
Ä«³Ğ,¼ÓĞÌÌì,5,undirected
çúÇ¬,ÏôÑ×,67,undirected
çúÇ¬,Ş¹¶ù,10,undirected
çúÇ¬,Ğ¡Ò½ÏÉ,1,undirected
çúÇ¬,ËÕÇ§,10,undirected
çúÇ¬,º«·ã,14,undirected
çúÇ¬,Îâê»,7,undirected
çúÇ¬,çú¼Î,15,undirected
çúÇ¬,ÈôÁÕ,1,undirected
çúÇ¬,½ğÒø¶şÀÏ,2,undirected
Ïô³¿,ÏôÑ×,50,undirected
Ïô³¿,Ò©ÀÏ,6,undirected
Ïô³¿,Ş¹¶ù,2,undirected
Ïô³¿,Ğ¡Ò½ÏÉ,3,undirected
Ïô³¿,²ÊÁÛ,3,undirected
Ïô³¿,ÇàÁÛ,1,undirected
Ïô³¿,»êµîµîÖ÷,28,undirected
Ïô³¿,»ê·ç,3,undirected
Ïô³¿,µ¤ËşÀÏ×æ,10,undirected
¹ÅÑı,ÏôÑ×,87,undirected
¹ÅÑı,Ş¹¶ù,16,undirected
¹ÅÑı,Ğ¡Ò½ÏÉ,2,undirected
¹ÅÑı,ôáÈª,4,undirected
¹ÅÑı,¹ÅÇàÑô,3,undirected
¹ÅÑı,ÚøÌì³ß,3,undirected
ºé³½,ÏôÑ×,77,undirected
ºé³½,·ïÇå¶ù,1,undirected
ºé³½,º«Ñ©,9,undirected
ºé³½,µØÄ§ÀÏ¹í,1,undirected
ºé³½,º«ÔÂ,11,undirected
ºé³½,·ÑÌì,1,undirected
ºé³½,ÉòÔÆ,1,undirected
ºé³½,º«³å,2,undirected
ºé³½,º«³Ø,11,undirected
½ğÊ¯,ÏôÑ×,72,undirected
½ğÊ¯,ÄÉÀ¼æÌÈ»,3,undirected
½ğÊ¯,ÑıêÔ,1,undirected
½ğÊ¯,·ïÇå¶ù,6,undirected
½ğÊ¯,·ÑÌì,3,undirected
½ğÊ¯,À××ğÕß,2,undirected
½ğÊ¯,Ä½Çàğ½,5,undirected
½ğÊ¯,Íõ³¾,1,undirected
º«ÏĞ,ÏôÑ×,85,undirected
º«ÏĞ,Ş¹¶ù,4,undirected
º«ÏĞ,ÁøÇæ,1,undirected
º«ÏĞ,Îâê»,2,undirected
º«ÏĞ,ÁÖìÍ,7,undirected
º«ÏĞ,°×³Ì,3,undirected
º«ÏĞ,çú¼Î,1,undirected
º«ÏĞ,À×ÄÉ,1,undirected
º«ÏĞ,ÑÏğ©,1,undirected
±±ÁúÍõ,ÏôÑ×,79,undirected
±±ÁúÍõ,²ÊÁÛ,4,undirected
É³Ìú,ÏôÑ×,75,undirected
É³Ìú,Ş¹¶ù,8,undirected
É³Ìú,Îâê»,2,undirected
É³Ìú,çú¼Î,5,undirected
É³Ìú,ÂŞºî,3,undirected
É³Ìú,ËÕĞ¦,12,undirected
É³Ìú,Àâ°×,5,undirected
·¶Áè,ÏôÑ×,45,undirected
·¶Áè,Ò©ÀÏ,7,undirected
·¶Áè,Ä¦¶ûº±,8,undirected
·¶Áè,Ô¬ÒÂ,1,undirected
Ğ«É½,ÏôÑ×,66,undirected
Ğ«É½,Ğ¡Ò½ÏÉ,16,undirected
Ğ«É½,Ìú»¤·¨,2,undirected
Ğ«É½,Ğ«±ÏÑÒ,8,undirected
Ğ«É½,Ä½À¼ÈıÀÏ,1,undirected
Ğ«É½,òÚÑÂ,9,undirected
Ğ«É½,ÃÀ¶ÅÉ¯,4,undirected
ÁèÓ°,ÏôÑ×,61,undirected
ÁèÓ°,Ò©ÀÏ,1,undirected
ÁèÓ°,Ş¹¶ù,34,undirected
ÁèÓ°,º£²¨¶«,15,undirected
ÁèÓ°,ÄÉÀ¼æÌÈ»,3,undirected
ÁèÓ°,ÔÆÉ½,11,undirected
ÁèÓ°,ÔÆÔÏ,2,undirected
ÁèÓ°,·¨áï,1,undirected
ÁèÓ°,¹ÅÔª,1,undirected
ÁèÓ°,ÇàÁÛ,1,undirected
ÁèÓ°,ÏôÕ½,3,undirected
ÁèÓ°,Ò©³¾,1,undirected
ÁèÓ°,ÄÉÀ¼èî,1,undirected
ÁèÓ°,¼ÓĞÌÌì,2,undirected
ÁèÓ°,ÃÀ¶ÅÉ¯,2,undirected
Ä½Çàğ½,ÏôÑ×,65,undirected
Ä½Çàğ½,Ò©ÀÏ,3,undirected
Ä½Çàğ½,Ğ¡Ò½ÏÉ,1,undirected
Ä½Çàğ½,ÄÉÀ¼æÌÈ»,2,undirected
Ä½Çàğ½,ÁÖìÍ,4,undirected
Ä½Çàğ½,Ò©³¾,2,undirected
Ä½Çàğ½,·ïÇå¶ù,19,undirected
Ä½Çàğ½,·ÑÌì,3,undirected
Ä½Çàğ½,À××ğÕß,3,undirected
Ä½Çàğ½,½ğÊ¯,5,undirected
Ä½Çàğ½,Íõ³¾,12,undirected
ÄÂÁ¦,ÏôÑ×,53,undirected
ÄÂÁ¦,Ğ¡Ò½ÏÉ,29,undirected
ÄÂÁ¦,ÄÂÉß,6,undirected
Íõ³¾,ÏôÑ×,66,undirected
Íõ³¾,ÄÉÀ¼æÌÈ»,4,undirected
Íõ³¾,ÁÖìÍ,13,undirected
Íõ³¾,·ïÇå¶ù,14,undirected
Íõ³¾,À××ğÕß,4,undirected
Íõ³¾,½ğÊ¯,1,undirected
Íõ³¾,Ä½Çàğ½,12,undirected
Íõ³¾,½£×ğÕß,5,undirected
Íõ³¾,»ÆÈª×ğÕß,10,undirected
ÏôÃÄ,ÏôÑ×,67,undirected
ÏôÃÄ,Ò©ÀÏ,1,undirected
ÏôÃÄ,Ş¹¶ù,17,undirected
ÏôÃÄ,ÄÉÀ¼æÌÈ»,1,undirected
ÏôÃÄ,ÏôÀ÷,1,undirected
ÏôÃÄ,ÏôÓñ,12,undirected
ÏôÃÄ,ÈôÁÕ,2,undirected
ÏôÃÄ,ÏôÄş,8,undirected
ÏôÃÄ,Ñ¬¶ù,1,undirected
²Üµ¥,ÏôÑ×,61,undirected
²Üµ¥,Ò©ÀÏ,1,undirected
²Üµ¥,Ğ¡Ò½ÏÉ,2,undirected
²Üµ¥,²ÜÓ±,8,undirected
²Üµ¥,µ¤Ğù,1,undirected
²Üµ¥,°×Ó¥,2,undirected
²Üµ¥,²ÜĞİ,6,undirected
Ñ×Àû,ÏôÑ×,47,undirected
Ñ×Àû,Ò©ÀÏ,1,undirected
Ñ×Àû,º£²¨¶«,5,undirected
Ñ×Àû,¹ÅºÓ,3,undirected
Ñ×Àû,·¨áï,35,undirected
Ñ×Àû,ÌÆÕğ,1,undirected
Ñ×Àû,Áøôá,20,undirected
Áø·Æ,ÏôÑ×,64,undirected
Áø·Æ,Ş¹¶ù,14,undirected
Áø·Æ,ÁøÇæ,36,undirected
Áø·Æ,ÁÖìÍ,4,undirected
Áø·Æ,ÁÖĞŞÑÂ,4,undirected
Áø·Æ,°×³Ì,3,undirected
Áø·Æ,Ò¦Ê¢,24,undirected
Áø·Æ,À×ÄÉ,13,undirected
Áø·Æ,ÑÏğ©,1,undirected
Ğ«±ÏÑÒ,ÏôÑ×,27,undirected
Ğ«±ÏÑÒ,Ò©ÀÏ,1,undirected
Ğ«±ÏÑÒ,Ğ¡Ò½ÏÉ,51,undirected
Ğ«±ÏÑÒ,º£²¨¶«,1,undirected
Ğ«±ÏÑÒ,ÔÆÉ½,1,undirected
Ğ«±ÏÑÒ,¼ÓĞÌÌì,1,undirected
Ğ«±ÏÑÒ,Ìú»¤·¨,10,undirected
Ğ«±ÏÑÒ,Ğ«É½,8,undirected
Ğ«±ÏÑÒ,òÚÑÂ,1,undirected
Ğ«±ÏÑÒ,ÃÀ¶ÅÉ¯,22,undirected
Ã×ÌØ¶û¡¤ÌÚÉ½,ÏôÑ×,27,undirected
Ã×ÌØ¶û¡¤ÌÚÉ½,º£²¨¶«,29,undirected
Ã×ÌØ¶û¡¤ÌÚÉ½,ÄÉÀ¼æÌÈ»,2,undirected
Ã×ÌØ¶û¡¤ÌÚÉ½,ÑÅåú,21,undirected
Ã×ÌØ¶û¡¤ÌÚÉ½,Ïô¶¦,4,undirected
Ã×ÌØ¶û¡¤ÌÚÉ½,ÄÉÀ¼èî,20,undirected
Ä¾Ìú,ÏôÑ×,47,undirected
Ä¾Ìú,ÔÆÉ½,8,undirected
Ä¾Ìú,ÏôÀ÷,2,undirected
Ä¾Ìú,ÑÅåú,1,undirected
Ä¾Ìú,ÔÆÔÏ,1,undirected
Ä¾Ìú,ÁÖìÍ,1,undirected
Ä¾Ìú,ÃÉÁ¦,14,undirected
Ä¾Ìú,ÔÆ·«,10,undirected
Ñı»¨Ğ°¾ı,ÏôÑ×,57,undirected
Ñı»¨Ğ°¾ı,Ò©ÀÏ,2,undirected
Ñı»¨Ğ°¾ı,ÄÉÀ¼æÌÈ»,2,undirected
Ñı»¨Ğ°¾ı,ÔÆÔÏ,5,undirected
Ñı»¨Ğ°¾ı,ÇàÁÛ,2,undirected
Ñı»¨Ğ°¾ı,Ò©³¾,4,undirected
Ñı»¨Ğ°¾ı,ºÚÇæ,2,undirected
Ñı»¨Ğ°¾ı,»¨½õ,11,undirected
º«³å,ÏôÑ×,49,undirected
º«³å,Ğ¡Ò½ÏÉ,1,undirected
º«³å,º«·ã,1,undirected
º«³å,º«Ñ©,21,undirected
º«³å,º«ÔÂ,1,undirected
º«³å,ºé³½,2,undirected
º«³å,ÑıÉßÏÄÃ§,1,undirected
½ğÒø¶şÀÏ,ÏôÑ×,49,undirected
½ğÒø¶şÀÏ,ËÕÇ§,30,undirected
½ğÒø¶şÀÏ,º«·ã,31,undirected
½ğÒø¶şÀÏ,ÏôÀ÷,10,undirected
½ğÒø¶şÀÏ,Îâê»,1,undirected
½ğÒø¶şÀÏ,çúÇ¬,2,undirected
½ğÒø¶şÀÏ,Ä½À¼ÈıÀÏ,1,undirected
½ğÒø¶şÀÏ,ÃÀ¶ÅÉ¯,5,undirected
»ê·ç,ÏôÑ×,52,undirected
»ê·ç,Ş¹¶ù,2,undirected
»ê·ç,Ğ¡Ò½ÏÉ,1,undirected
»ê·ç,²ÜÓ±,3,undirected
»ê·ç,»êµîµîÖ÷,7,undirected
»ê·ç,»êÓñ,1,undirected
»ê·ç,Ïô³¿,3,undirected
ÄªÑÂ,ÏôÑ×,44,undirected
ÄªÑÂ,Ğ¡Ò½ÏÉ,16,undirected
ÄªÑÂ,ËÕÇ§,1,undirected
ÄªÑÂ,º«·ã,5,undirected
Ò©Íò¹é,ÏôÑ×,53,undirected
Ò©Íò¹é,Ò©ÀÏ,14,undirected
Ò©Íò¹é,Ş¹¶ù,5,undirected
Ò©Íò¹é,»êµîµîÖ÷,2,undirected
Ò©Íò¹é,Ò©³¾,6,undirected
ÑãÂäÌì,ÏôÑ×,55,undirected
ÑãÂäÌì,Ğ¡Ò½ÏÉ,5,undirected
ÑãÂäÌì,º£²¨¶«,2,undirected
ÑãÂäÌì,Ïô¶¦,2,undirected
ÑãÂäÌì,Ä½À¼ÈıÀÏ,32,undirected
ÑãÂäÌì,ÃÀ¶ÅÉ¯,40,undirected
º«³Ø,ÏôÑ×,49,undirected
º«³Ø,º«Ñ©,13,undirected
º«³Ø,º«ÔÂ,3,undirected
º«³Ø,ÉòÔÆ,15,undirected
º«³Ø,ºé³½,11,undirected
¸¶°½,ÏôÑ×,40,undirected
¸¶°½,Ş¹¶ù,12,undirected
¸¶°½,Îâê»,3,undirected
¸¶°½,°×³Ì,11,undirected
¸¶°½,ÂŞºî,4,undirected
¸¶°½,À×ÄÉ,2,undirected
ÂŞºî,ÏôÑ×,35,undirected
ÂŞºî,Ş¹¶ù,9,undirected
ÂŞºî,Îâê»,2,undirected
ÂŞºî,°×³Ì,1,undirected
ÂŞºî,çú¼Î,2,undirected
ÂŞºî,º«ÔÂ,1,undirected
ÂŞºî,É³Ìú,3,undirected
ÂŞºî,¸¶°½,4,undirected
¾»Á«ÑıÊ¥,ÏôÑ×,32,undirected
¾»Á«ÑıÊ¥,Ò©ÀÏ,8,undirected
¾»Á«ÑıÊ¥,Ş¹¶ù,10,undirected
¾»Á«ÑıÊ¥,»êµîµîÖ÷,2,undirected
¾»Á«ÑıÊ¥,µ¤ËşÀÏ×æ,3,undirected
ËÕĞ¦,ÏôÑ×,42,undirected
ËÕĞ¦,Ş¹¶ù,6,undirected
ËÕĞ¦,ÄÉÀ¼æÌÈ»,1,undirected
ËÕĞ¦,Îâê»,1,undirected
ËÕĞ¦,ÏôÕ½,1,undirected
ËÕĞ¦,çú¼Î,2,undirected
ËÕĞ¦,É³Ìú,12,undirected
ËÕĞ¦,Àâ°×,9,undirected
ËÕĞ¦,ĞŞÑÒ,7,undirected
À×ÄÉ,ÏôÑ×,46,undirected
À×ÄÉ,ÁøÇæ,2,undirected
À×ÄÉ,ÁÖìÍ,1,undirected
À×ÄÉ,°×³Ì,1,undirected
À×ÄÉ,º«ÏĞ,1,undirected
À×ÄÉ,Áø·Æ,13,undirected
À×ÄÉ,¸¶°½,2,undirected
Çàº£,ÏôÑ×,31,undirected
Çàº£,Ş¹¶ù,6,undirected
Çàº£,Ğ¡Ò½ÏÉ,13,undirected
Çàº£,»êµîµîÖ÷,1,undirected
ÌÆ»ğ¶ù,ÏôÑ×,38,undirected
ÌÆ»ğ¶ù,Ò©ÀÏ,1,undirected
ÌÆ»ğ¶ù,²ÊÁÛ,1,undirected
ÌÆ»ğ¶ù,ÌÆÕğ,19,undirected
ÌÆ»ğ¶ù,»ğÔÆÀÏ×æ,2,undirected
µ¤ËşÀÏ×æ,ÏôÑ×,21,undirected
µ¤ËşÀÏ×æ,Ò©ÀÏ,3,undirected
µ¤ËşÀÏ×æ,Ş¹¶ù,1,undirected
µ¤ËşÀÏ×æ,Ğ¡Ò½ÏÉ,1,undirected
µ¤ËşÀÏ×æ,²ÊÁÛ,2,undirected
µ¤ËşÀÏ×æ,»êµîµîÖ÷,2,undirected
µ¤ËşÀÏ×æ,Ïô³¿,10,undirected
µ¤ËşÀÏ×æ,¾»Á«ÑıÊ¥,3,undirected
µ¤ËşÀÏ×æ,»ğÔÆÀÏ×æ,1,undirected
½£×ğÕß,ÏôÑ×,16,undirected
½£×ğÕß,Ò©ÀÏ,1,undirected
½£×ğÕß,Ğ¡Ò½ÏÉ,2,undirected
½£×ğÕß,ÕªĞÇÀÏ¹í,1,undirected
½£×ğÕß,Ğş¿Õ×Ó,1,undirected
½£×ğÕß,Ò©³¾,3,undirected
½£×ğÕß,·ïÇå¶ù,5,undirected
½£×ğÕß,·ÑÌì,1,undirected
½£×ğÕß,À××ğÕß,17,undirected
½£×ğÕß,Íõ³¾,5,undirected
½£×ğÕß,»ÆÈª×ğÕß,11,undirected
½£×ğÕß,Ìú½£×ğÕß,30,undirected
ÃÉÁ¦,ÏôÑ×,32,undirected
ÃÉÁ¦,Ò©ÀÏ,1,undirected
ÃÉÁ¦,ÔÆÉ½,3,undirected
ÃÉÁ¦,Ä¾Ìú,14,undirected
ÃÉÁ¦,ÔÆ·«,8,undirected
ÃÉÁ¦,ÃÉÀ®,1,undirected
¾Å·ï,ÏôÑ×,35,undirected
¾Å·ï,Ş¹¶ù,7,undirected
¾Å·ï,Ğ¡Ò½ÏÉ,1,undirected
¾Å·ï,²ÊÁÛ,1,undirected
¾Å·ï,ÑıêÔ,1,undirected
¾Å·ï,¹ÅÇàÑô,1,undirected
¾Å·ï,»êÓñ,35,undirected
Ä½À¼ÈıÀÏ,ÏôÑ×,39,undirected
Ä½À¼ÈıÀÏ,Ğ¡Ò½ÏÉ,6,undirected
Ä½À¼ÈıÀÏ,º£²¨¶«,2,undirected
Ä½À¼ÈıÀÏ,·¨áï,1,undirected
Ä½À¼ÈıÀÏ,Ïô¶¦,2,undirected
Ä½À¼ÈıÀÏ,Ğ«É½,1,undirected
Ä½À¼ÈıÀÏ,½ğÒø¶şÀÏ,1,undirected
Ä½À¼ÈıÀÏ,ÑãÂäÌì,32,undirected
Ä½À¼ÈıÀÏ,ÃÀ¶ÅÉ¯,21,undirected
òÚÑÂ,ÏôÑ×,31,undirected
òÚÑÂ,Ğ¡Ò½ÏÉ,11,undirected
òÚÑÂ,Ğ«É½,9,undirected
òÚÑÂ,Ğ«±ÏÑÒ,1,undirected
Ğ»Õğ,ÏôÑ×,16,undirected
Ğ»Õğ,º«·ã,2,undirected
Ğ»Õğ,Îâê»,20,undirected
Ğ»Õğ,ÏôÓñ,3,undirected
ÑÏğ©,ÏôÑ×,22,undirected
ÑÏğ©,Ş¹¶ù,1,undirected
ÑÏğ©,ÁøÇæ,2,undirected
ÑÏğ©,ÁÖìÍ,3,undirected
ÑÏğ©,ÁÖĞŞÑÂ,32,undirected
ÑÏğ©,°×³Ì,6,undirected
ÑÏğ©,çú¼Î,1,undirected
ÑÏğ©,º«ÔÂ,10,undirected
ÑÏğ©,º«ÏĞ,1,undirected
ÑÏğ©,Áø·Æ,1,undirected
ÚøÌì³ß,ÏôÑ×,29,undirected
ÚøÌì³ß,Ş¹¶ù,5,undirected
ÚøÌì³ß,Ğ¡Ò½ÏÉ,2,undirected
ÚøÌì³ß,ËÕÇ§,13,undirected
ÚøÌì³ß,º«·ã,1,undirected
ÚøÌì³ß,¹ÅÔª,1,undirected
ÚøÌì³ß,ÇàÁÛ,1,undirected
ÚøÌì³ß,ÍÓÉá¹ÅµÛ,1,undirected
ÚøÌì³ß,µØÄ§ÀÏ¹í,5,undirected
ÚøÌì³ß,¹ÅÑı,3,undirected
»ËĞù,ÏôÑ×,21,undirected
»ËĞù,Ğ¡Ò½ÏÉ,1,undirected
»ËĞù,ÇàÁÛ,3,undirected
»ËĞù,ÕªĞÇÀÏ¹í,25,undirected
»ËĞù,ÌÆÕğ,8,undirected
»ËĞù,·ïÇå¶ù,2,undirected
²ÔÀÇÍõ,ÏôÑ×,29,undirected
²ÔÀÇÍõ,ÉòÔÆ,1,undirected
µ¤Ğù,ÏôÑ×,20,undirected
µ¤Ğù,²ÜÓ±,9,undirected
µ¤Ğù,²Üµ¥,1,undirected
µ¤Ğù,µ¤³¿,3,undirected
µ¤Ğù,°×Ó¥,6,undirected
µ¤Ğù,²ÜĞİ,10,undirected
µ¤Ğù,Çñ»ú,2,undirected
ÔÆ·«,ÏôÑ×,11,undirected
ÔÆ·«,ÔÆÉ½,8,undirected
ÔÆ·«,ÁÖìÍ,1,undirected
ÔÆ·«,Ä¾Ìú,10,undirected
ÔÆ·«,ÃÉÁ¦,8,undirected
»ÆÈª×ğÕß,ÏôÑ×,17,undirected
»ÆÈª×ğÕß,·ïÇå¶ù,3,undirected
»ÆÈª×ğÕß,À××ğÕß,15,undirected
»ÆÈª×ğÕß,Íõ³¾,10,undirected
»ÆÈª×ğÕß,½£×ğÕß,11,undirected
»ğÔÆÀÏ×æ,ÏôÑ×,15,undirected
»ğÔÆÀÏ×æ,Ò©ÀÏ,13,undirected
»ğÔÆÀÏ×æ,»êµîµîÖ÷,1,undirected
»ğÔÆÀÏ×æ,Ğş¿Õ×Ó,1,undirected
»ğÔÆÀÏ×æ,ÌÆ»ğ¶ù,2,undirected
»ğÔÆÀÏ×æ,µ¤ËşÀÏ×æ,1,undirected
»¨½õ,ÏôÑ×,13,undirected
»¨½õ,ÔÆÔÏ,12,undirected
»¨½õ,ÇàÁÛ,4,undirected
»¨½õ,ºÚÇæ,3,undirected
»¨½õ,Ñı»¨Ğ°¾ı,11,undirected
»¨½õ,»¨ÆÅÆÅ,2,undirected
µ¤³¿,ÏôÑ×,15,undirected
µ¤³¿,²ÜÓ±,28,undirected
µ¤³¿,Ä½¹Ç,3,undirected
µ¤³¿,Ğş¿Õ×Ó,1,undirected
µ¤³¿,µ¤Ğù,3,undirected
Àâ°×,ÏôÑ×,18,undirected
Àâ°×,Ş¹¶ù,1,undirected
Àâ°×,Îâê»,3,undirected
Àâ°×,É³Ìú,5,undirected
Àâ°×,ËÕĞ¦,9,undirected
Àâ°×,ĞŞÑÒ,15,undirected
ÓÄÈª,ÏôÑ×,25,undirected
ÓÄÈª,Ò©ÀÏ,5,undirected
ÓÄÈª,ÔÆÔÏ,1,undirected
ÓÄÈª,º«ÔÂ,1,undirected
ÂŞ³É,ÏôÑ×,18,undirected
ÂŞ³É,Ğ¡Ò½ÏÉ,7,undirected
Ìú½£×ğÕß,ÏôÑ×,10,undirected
Ìú½£×ğÕß,Ò©ÀÏ,1,undirected
Ìú½£×ğÕß,Ğ¡Ò½ÏÉ,2,undirected
Ìú½£×ğÕß,ÕªĞÇÀÏ¹í,1,undirected
Ìú½£×ğÕß,Ğş¿Õ×Ó,1,undirected
Ìú½£×ğÕß,Ò©³¾,3,undirected
Ìú½£×ğÕß,½£×ğÕß,30,undirected
°×Ó¥,ÏôÑ×,21,undirected
°×Ó¥,²ÜÓ±,3,undirected
°×Ó¥,²Üµ¥,2,undirected
°×Ó¥,µ¤Ğù,6,undirected
°×Ó¥,²ÜĞİ,5,undirected
°×Ó¥,Çñ»ú,5,undirected
²ÜĞİ,ÏôÑ×,14,undirected
²ÜĞİ,²ÜÓ±,5,undirected
²ÜĞİ,²Üµ¥,6,undirected
²ÜĞİ,µ¤Ğù,10,undirected
²ÜĞİ,°×Ó¥,5,undirected
²ÜĞİ,Çñ»ú,1,undirected
ĞŞÑÒ,ÏôÑ×,11,undirected
ĞŞÑÒ,Ş¹¶ù,2,undirected
ĞŞÑÒ,Îâê»,8,undirected
ĞŞÑÒ,çú¼Î,2,undirected
ĞŞÑÒ,ËÕĞ¦,7,undirected
ĞŞÑÒ,Àâ°×,15,undirected
Ò©ĞÇ¼«,ÏôÑ×,17,undirected
Ò©ĞÇ¼«,Ò©ÀÏ,1,undirected
Ò©ĞÇ¼«,Ş¹¶ù,2,undirected
Ò©ĞÇ¼«,Ò©³¾,1,undirected
Ò©ĞÇ¼«,»ğÖÉ,6,undirected
»ğÖÉ,ÏôÑ×,14,undirected
»ğÖÉ,Ş¹¶ù,1,undirected
»ğÖÉ,»êµîµîÖ÷,1,undirected
»ğÖÉ,¹ÅÇàÑô,1,undirected
»ğÖÉ,Ò©ĞÇ¼«,6,undirected
»¨ÆÅÆÅ,ÏôÑ×,10,undirected
»¨ÆÅÆÅ,Ò©ÀÏ,1,undirected
»¨ÆÅÆÅ,ÄÉÀ¼æÌÈ»,5,undirected
»¨ÆÅÆÅ,ÔÆÔÏ,9,undirected
»¨ÆÅÆÅ,»¨½õ,2,undirected
ËÕÃÄ,ÏôÑ×,11,undirected
ËÕÃÄ,Ğ¡Ò½ÏÉ,1,undirected
ËÕÃÄ,ËÕÇ§,1,undirected
ËÕÃÄ,º«·ã,1,undirected
ËÕÃÄ,ÏôÀ÷,5,undirected
ËÕÃÄ,ÌúÎÚ,9,undirected
À¾ÑÔ,ÏôÑ×,2,undirected
À¾ÑÔ,ÁøÇæ,9,undirected
Ç®Ä°,ÏôÑ×,4,undirected
Ç®Ä°,ËÕÇ§,2,undirected
Ç®Ä°,Îâê»,2,undirected
ÌúÎÚ,ÏôÑ×,5,undirected
ÌúÎÚ,ÏôÀ÷,5,undirected
ÌúÎÚ,ËÕÃÄ,9,undirected
¹ÅÁé,ÏôÑ×,8,undirected
¹ÅÁé,Ò©ÀÏ,3,undirected
ÃÉÀ®,ÏôÑ×,7,undirected
ÃÉÀ®,ÃÉÁ¦,1,undirected
Çñ»ú,ÏôÑ×,6,undirected
Çñ»ú,²ÜÓ±,3,undirected
Çñ»ú,µ¤Ğù,2,undirected
Çñ»ú,°×Ó¥,5,undirected
Çñ»ú,²ÜĞİ,1,undirected
Ä¦¶ûº±,·¶Áè,8,undirected
ÑıÉßÏÄÃ§,ÏôÑ×,3,undirected
ÑıÉßÏÄÃ§,º«Ñ©,3,undirected
ÑıÉßÏÄÃ§,º«³å,1,undirected
ÇØÕò,ËÕÇ§,2,undirected
×Ïåû,ÏôÑ×,4,undirected
Ôì»¯Ê¥Õß,ÏôÑ×,2,undirected
Ä½É£,ÏôÑ×,2,undirected
ê×Ìì»ğ,ÏôÑ×,1,undirected
Ô¬ÒÂ,·¶Áè,1,undirected
Ò¶ĞÀÀ¶,ÏôÑ×,1,undirected
Ò¶ĞÀÀ¶,Ğ¡Ò½ÏÉ,1,undirected
Ò¶ĞÀÀ¶,ÁøÇæ,2,undirected
ğÍÓ¥,Ìú»¤·¨,1,undirected
ÃÀ¶ÅÉ¯,ÏôÑ×,747,undirected
ÃÀ¶ÅÉ¯,Ò©ÀÏ,80,undirected
ÃÀ¶ÅÉ¯,Ş¹¶ù,4,undirected
ÃÀ¶ÅÉ¯,Ğ¡Ò½ÏÉ,61,undirected
ÃÀ¶ÅÉ¯,²ÊÁÛ,26,undirected
ÃÀ¶ÅÉ¯,º£²¨¶«,53,undirected
ÃÀ¶ÅÉ¯,ËÕÇ§,18,undirected
ÃÀ¶ÅÉ¯,º«·ã,5,undirected
ÃÀ¶ÅÉ¯,ÄÉÀ¼æÌÈ»,3,undirected
ÃÀ¶ÅÉ¯,ÔÆÉ½,41,undirected
ÃÀ¶ÅÉ¯,ÏôÀ÷,20,undirected
ÃÀ¶ÅÉ¯,ÑÅåú,7,undirected
ÃÀ¶ÅÉ¯,ÔÆÔÏ,8,undirected
ÃÀ¶ÅÉ¯,¹ÅºÓ,50,undirected
ÃÀ¶ÅÉ¯,ÁøÇæ,1,undirected
ÃÀ¶ÅÉ¯,·¨áï,7,undirected
ÃÀ¶ÅÉ¯,ÇàÁÛ,1,undirected
ÃÀ¶ÅÉ¯,Ïô¶¦,13,undirected
ÃÀ¶ÅÉ¯,ÁÖìÍ,3,undirected
ÃÀ¶ÅÉ¯,ÁÖĞŞÑÂ,1,undirected
ÃÀ¶ÅÉ¯,ÏôÕ½,1,undirected
ÃÀ¶ÅÉ¯,Ò©³¾,1,undirected
ÃÀ¶ÅÉ¯,ÄÉÀ¼èî,2,undirected
ÃÀ¶ÅÉ¯,Áøôá,1,undirected
ÃÀ¶ÅÉ¯,¼ÓĞÌÌì,17,undirected
ÃÀ¶ÅÉ¯,ÂŞ²¼,1,undirected
ÃÀ¶ÅÉ¯,Ìú»¤·¨,46,undirected
ÃÀ¶ÅÉ¯,Ğ«É½,4,undirected
ÃÀ¶ÅÉ¯,ÁèÓ°,2,undirected
ÃÀ¶ÅÉ¯,Ğ«±ÏÑÒ,22,undirected
ÃÀ¶ÅÉ¯,½ğÒø¶şÀÏ,5,undirected
ÃÀ¶ÅÉ¯,ÑãÂäÌì,40,undirected
ÃÀ¶ÅÉ¯,Ä½À¼ÈıÀÏ,21,undirected
Ñ¬¶ù,ÏôÑ×,24,undirected
Ñ¬¶ù,Ò©ÀÏ,1,undirected
Ñ¬¶ù,Ş¹¶ù,1,undirected
Ñ¬¶ù,ÄÉÀ¼æÌÈ»,3,undirected
Ñ¬¶ù,ÔÆÔÏ,1,undirected
Ñ¬¶ù,ÄÉÀ¼èî,2,undirected
Ñ¬¶ù,ÏôÃÄ,1,undirected
